insert into Pavilhão values (1, 'Pavilhão Fidelidade', 'Av. Eusébio da Silva Ferreira, 1500-313 Lisboa');
insert into Clube values (1, 'SL Benfica', '1927-03-20' , 'Vermelho e branco', 1);

insert into Pavilhão values (43, 'Pavilhão Municipal Nortecoope', 'Praceta Nortecoope 094 b, 4470-024 Maia');
insert into Clube values (51, 'Maia Basket', '1997-06-30' , 'Vermelho e azul', 43);

insert into Pavilhão values (3, 'Pavilhão João Rocha', 'R. Francisco Stromp, 1600-464 Lisboa');
insert into Clube values (3, 'Sporting', '1906-07-01' , 'Verde e branco', 3);

insert into Pavilhão values (44, 'Pavilhão Desportivo Unidade Vimaranense', 'Alameda Conselho da Europa - Parque da Cidade, 4810-027 Guimarães');
insert into Clube values (52, 'Vitória SC', '1922-09-22' , 'Preto e branco', 44);

insert into Pavilhão values (5, 'Pavilhão Dr. Salvador Machado', 'Praceta da União desportiva Oliveirense, 3720-256 Oliveira de Azeméis');
insert into Clube values (5, 'UD Oliveirense', '1922-10-25' , 'Vermelho e azul', 5);

insert into Pavilhão values (6, 'Dragão Arena', 'Alameda das Antas, 4350-414 Porto');
insert into Clube values (6, 'FC Porto', '1926-05-09' , 'Azul e branco', 6);

insert into Pavilhão values (7, 'Pavilhão Municipal de Albufeira', 'Av. das Ilhas B, 8200-047 Albufeira');
insert into Clube values (7, 'Imortal', '2011-06-24' , 'Vermelho e branco', 7);

insert into Pavilhão values (8, 'Pavilhão Municipal Luís de Carvalho', 'R. 9 lote 9003, 2835-514 Santo António da Charneca');
insert into Clube values (8, 'Galitos', '1935-04-25' , 'Laranja e Preto', 8);

insert into Pavilhão values (23, 'Pavilhão Gimnodesportivo de Esgueira', 'Rua José Falcão, 3800-310 Aveiro');
insert into Clube values (24, 'Esgueira', '1956-11-08' , 'Verde e amarelo', 23);

insert into Clube values (10, 'Barreirense', '1911-04-11' , 'Vermelho e Branco', 8);

insert into Pavilhão values (10, 'Pavilhão Clube Amigos do Basquete', 'Rua do Curaçau - Bairro da Nazaré, 9000-093 Funchal');
insert into Clube values (11, 'CAB Madeira', '1979-11-30' , 'Vermelho e branco', 10);

insert into Pavilhão values (25, 'Pavilhão Municipal de Angra do Heroísmo', 'Cerrado do Bailão, 9700-215 Angra do Heroísmo');
insert into Clube values (33, 'Lusitânia', '1922-06-24' , 'Verde e branco', 25);

insert into Pavilhão values (12, 'Arena de Ovar', 'Av. Dom Manuel I 2030, 3880-109 Ovar');
insert into Clube values (13, 'Ovarense', '1921-12-19' , 'Preto e branco', 12);

insert into Pavilhão values (13, 'Pavilhão Engenheiro Jorge Anjinho', 'Rua Infanta Dona Maria 23, 3030-330 Coimbra');
insert into Clube values (14, 'Académica AAC', '1902-09-01' , 'Preto e branco', 13);

----------------------------------------------------------------------------------------------------------------------------------
--Jogadores SL Benfica

insert into Jogador values (200711, 'Guilherme de Gois Saiote', '2002-05-10', 183, 'Portuguesa');
insert into Jogador values (249300, 'Eric Nathaniel Coleman', '1985-08-08', 200, 'Americana');
insert into Jogador values (139461, 'José Carlos Vilhena da Silva', '1989-04-16', 196, 'Portuguesa');
insert into Jogador values (143610, 'Fábio Arlindo da Cruz Lima', '1988-08-18', 197, 'Portuguesa');
insert into Jogador values (150245, 'João Roberto Correia Gomes', '1985-02-05', 201, 'Portuguesa \ Cabo Verdiana');
insert into Jogador values (268873, 'Scott Christopher Lindsey', '1996-05-20', 196, 'Americana');
insert into Jogador values (268872, 'Demond Carter', '1986-10-25', 184, 'Americana');
insert into Jogador values (202055, 'Bruno Miguel Fonseca Araújo', '2000-12-23', 196, 'Portuguesa');
insert into Jogador values (268870, 'Caleb Walker', '1989-12-16', 193, 'Americana');
insert into Jogador values (186411, 'Rafael Dias Marques Lisboa Santos', '1999-11-27', 182, 'Portuguesa');
insert into Jogador values (130949, 'Arnette Lamar Hallman Scharfhausen', '1988-01-06', 200, 'Espanhola');
insert into Jogador values (268871, 'Cameron Jackson', '1996-02-07', 203, 'Americana');

insert into JogadoresNoClube values (200711, 1);
insert into JogadoresNoClube values (249300, 1);
insert into JogadoresNoClube values (139461, 1);
insert into JogadoresNoClube values (143610, 1);
insert into JogadoresNoClube values (150245, 1);
insert into JogadoresNoClube values (268873, 1);
insert into JogadoresNoClube values (268872, 1);
insert into JogadoresNoClube values (202055, 1);
insert into JogadoresNoClube values (268870, 1);
insert into JogadoresNoClube values (186411, 1);
insert into JogadoresNoClube values (130949, 1);
insert into JogadoresNoClube values (268871, 1);

--Jogadores CAB Madeira

insert into Jogador values (268789, 'Amen Cheeseman', '1998-01-22', 201, 'Americana');
insert into Jogador values (196210, 'Bernardo Pereira Ferreira', '2002-06-05', 176, 'Portuguesa');
insert into Jogador values (165421, 'José Luis Gonçalves Correia', '1989-11-07', 186, 'Portuguesa');
insert into Jogador values (268791, 'Davon Rayshawn Clare', '1998-04-28', 196, 'Americana');
insert into Jogador values (203095, 'Francisco Fernandes Barroca', '2002-02-02', 176, 'Portuguesa');
insert into Jogador values (243829, 'Arvydas Gydra', '1989-11-09', 206, 'Lituana');
insert into Jogador values (268792, 'Mikkel Kolstad', '1995-05-03', 193, 'Norueguesa');
insert into Jogador values (184353, 'Tomás Martins Dias', '2001-10-24', 197, 'Portuguesa');
insert into Jogador values (208207, 'Nuno Miguel Camacho Sá', '1997-03-25', 200, 'Portuguesa');
insert into Jogador values (180191, 'Rui Marques Cunha Nery', '1996-07-09', 196, 'Portuguesa');

insert into JogadoresNoClube values (268789, 11);
insert into JogadoresNoClube values (196210, 11);
insert into JogadoresNoClube values (165421, 11);
insert into JogadoresNoClube values (268791, 11);
insert into JogadoresNoClube values (203095, 11);
insert into JogadoresNoClube values (243829, 11);
insert into JogadoresNoClube values (268792, 11);
insert into JogadoresNoClube values (184353, 11);
insert into JogadoresNoClube values (208207, 11);
insert into JogadoresNoClube values (180191, 11);

--Jogadores Galitos Barreiro

insert into Jogador values (249388, 'Patrick James McGlynn IV', '1992-12-04', 188, 'Americana');
insert into Jogador values (120112, 'Diogo Jorge Coelho Correia', '1990-10-28', 182, 'Portuguesa');
insert into Jogador values (213265, 'Miguel Cleto', '2002-09-30', 183, 'Portuguesa');
insert into Jogador values (269137, 'Alonzo Nelson-Ododa', '1993-02-02', 206, 'Americana');
insert into Jogador values (126081, 'André Cabrita Calabote', '1993-10-06', 181, 'Portuguesa');
insert into Jogador values (169106, 'Paulo Micael Jaãskelãinen Costa', '1999-06-06', 195, 'Portuguesa');
insert into Jogador values (171229, 'Emanuel Lopes Correia de Sá', '1993-11-29', 199, 'Portuguesa');
insert into Jogador values (256102, 'Derreck Brooks', '1994-05-14', 198, 'Americana');
insert into Jogador values (256103, 'Rozelle Montre Nix', '1997-03-25', 200, 'Americana');
insert into Jogador values (139206, 'Daniel Alexandre da Conceição Machado', '1990-04-11', 194, 'Portuguesa');

insert into JogadoresNoClube values (249388, 8);
insert into JogadoresNoClube values (120112, 8);
insert into JogadoresNoClube values (213265, 8);
insert into JogadoresNoClube values (269137, 8);
insert into JogadoresNoClube values (126081, 8);
insert into JogadoresNoClube values (169106, 8);
insert into JogadoresNoClube values (171229, 8);
insert into JogadoresNoClube values (256102, 8);
insert into JogadoresNoClube values (256103, 8);
insert into JogadoresNoClube values (139206, 8);

--Jogadores Oliveirense

INSERT INTO Jogador values(243864,"Nélson Jossias","21-08-1989",197,"Moçambicana");
INSERT INTO Jogador values(268939,"Elbert Matthews","03-10-1994",196,"Americana");
INSERT INTO Jogador values(268941,"Travis Munnings","14-09-1994",198,"Bahamense");
INSERT INTO Jogador values(167835,"João Grosso","11-02-1997",196,"Portuguesa");
INSERT INTO Jogador values(125975,"José Barbosa","18-10-1990",177,"Portuguesa");
INSERT INTO Jogador values(124572,"João Guerreiro","10-10-1990",205,"Portuguesa");
INSERT INTO Jogador values(140327,"Renato Azevedo","01-08-1991",187,"Portuguesa");
INSERT INTO Jogador values(125990,"Rui França","26-06-1989",185,"Portuguesa");
INSERT INTO Jogador values(130786,"João Balseiro","14-03-1987",193,"Portuguesa");
INSERT INTO Jogador values(264838,"Justin Alston","02-07-1994",203,"Americana");
INSERT INTO Jogador values(270348,"Shaquille Cleare","19-02-1993",203,"Americana");
INSERT INTO Jogador values(152194,"Francisco Albergaria","10-02-1997",184,"Portuguesa");

INSERT INTO JogadoresNoClube values (243864,5);
INSERT INTO JogadoresNoClube values (268939,5);
INSERT INTO JogadoresNoClube values (268941,5);
INSERT INTO JogadoresNoClube values (167835,5);
INSERT INTO JogadoresNoClube values (125975,5);
INSERT INTO JogadoresNoClube values (124572,5);
INSERT INTO JogadoresNoClube values (140327,5);
INSERT INTO JogadoresNoClube values (125990,5);
INSERT INTO JogadoresNoClube values (130786,5);
INSERT INTO JogadoresNoClube values (264838,5);
INSERT INTO JogadoresNoClube values (270348,5);
INSERT INTO JogadoresNoClube values (152194,5);

--stats jogadores Benfica---
--stats 200711 guilherme saiote
INSERT INTO Estatística values (501,"Pontos",0);            INSERT INTO EstatísticaJogador values (200711,501);
INSERT INTO Estatística values (502,"Ressaltos",1);         INSERT INTO EstatísticaJogador values (200711,502);
INSERT INTO Estatística values (503,"FaltasSofridas",0);    INSERT INTO EstatísticaJogador values (200711,503);
INSERT INTO Estatística values (504,"FaltasCometidas",0);   INSERT INTO EstatísticaJogador values (200711,504);
INSERT INTO Estatística values (505,"Assistências",0);      INSERT INTO EstatísticaJogador values (200711,505);
INSERT INTO Estatística values (506,"Valorização",1);       INSERT INTO EstatísticaJogador values (200711,506);
INSERT INTO Estatística values (507,"Roubos",0);            INSERT INTO EstatísticaJogador values (200711,507);
INSERT INTO Estatística values (508,"Minutos",3);           INSERT INTO EstatísticaJogador values (200711,508);
INSERT INTO Estatística values (509,"Bloqueios",0);         INSERT INTO EstatísticaJogador values (200711,509);
--stats 249300 eric coleman
INSERT INTO Estatística values (510,"Pontos",0);            INSERT INTO EstatísticaJogador values (249300,510);
INSERT INTO Estatística values (511,"Ressaltos",5);         INSERT INTO EstatísticaJogador values (249300,511);
INSERT INTO Estatística values (512,"FaltasSofridas",2);    INSERT INTO EstatísticaJogador values (249300,512);
INSERT INTO Estatística values (513,"FaltasCometidas",2);   INSERT INTO EstatísticaJogador values (249300,513);
INSERT INTO Estatística values (514,"Assistências",2);      INSERT INTO EstatísticaJogador values (249300,514);
INSERT INTO Estatística values (515,"Valorização",5);       INSERT INTO EstatísticaJogador values (249300,515);
INSERT INTO Estatística values (516,"Roubos",1);            INSERT INTO EstatísticaJogador values (249300,516);
INSERT INTO Estatística values (517,"Minutos",19);          INSERT INTO EstatísticaJogador values (249300,517);
INSERT INTO Estatística values (518,"Bloqueios",0);         INSERT INTO EstatísticaJogador values (249300,518);
--stats 139461 josé silva
INSERT INTO Estatística values (519,"Pontos",3);            INSERT INTO EstatísticaJogador values (139461,519);
INSERT INTO Estatística values (520,"Ressaltos",3);         INSERT INTO EstatísticaJogador values (139461,520);
INSERT INTO Estatística values (521,"FaltasSofridas",0);    INSERT INTO EstatísticaJogador values (139461,521);
INSERT INTO Estatística values (522,"FaltasCometidas",3);   INSERT INTO EstatísticaJogador values (139461,522);
INSERT INTO Estatística values (523,"Assistências",0);      INSERT INTO EstatísticaJogador values (139461,523);
INSERT INTO Estatística values (524,"Valorização",1);       INSERT INTO EstatísticaJogador values (139461,524);
INSERT INTO Estatística values (525,"Roubos",1);            INSERT INTO EstatísticaJogador values (139461,525);
INSERT INTO Estatística values (526,"Minutos",13);          INSERT INTO EstatísticaJogador values (139461,526);
INSERT INTO Estatística values (527,"Bloqueios",0);         INSERT INTO EstatísticaJogador values (139461,527);
--stats 143610 fábio lima
INSERT INTO Estatística values (528,"Pontos",4);            INSERT INTO EstatísticaJogador values (143610,528);
INSERT INTO Estatística values (529,"Ressaltos",2);         INSERT INTO EstatísticaJogador values (143610,529);
INSERT INTO Estatística values (530,"FaltasSofridas",1);    INSERT INTO EstatísticaJogador values (143610,530);
INSERT INTO Estatística values (531,"FaltasCometidas",3);   INSERT INTO EstatísticaJogador values (143610,531);
INSERT INTO Estatística values (532,"Assistências",1);      INSERT INTO EstatísticaJogador values (143610,532);
INSERT INTO Estatística values (533,"Valorização",1);       INSERT INTO EstatísticaJogador values (143610,533);
INSERT INTO Estatística values (534,"Roubos",0);            INSERT INTO EstatísticaJogador values (143610,534);
INSERT INTO Estatística values (535,"Minutos",19);          INSERT INTO EstatísticaJogador values (143610,535);
INSERT INTO Estatística values (536,"Bloqueios",0);         INSERT INTO EstatísticaJogador values (143610,536);
--stats 150245 joão gomes
INSERT INTO Estatística values (537,"Pontos",15);           INSERT INTO EstatísticaJogador values (150245,537);
INSERT INTO Estatística values (538,"Ressaltos",1);         INSERT INTO EstatísticaJogador values (150245,538);
INSERT INTO Estatística values (539,"FaltasSofridas",1);    INSERT INTO EstatísticaJogador values (150245,539);
INSERT INTO Estatística values (540,"FaltasCometidas",2);   INSERT INTO EstatísticaJogador values (150245,540);
INSERT INTO Estatística values (541,"Assistências",1);      INSERT INTO EstatísticaJogador values (150245,541);
INSERT INTO Estatística values (542,"Valorização",12);      INSERT INTO EstatísticaJogador values (150245,542);
INSERT INTO Estatística values (543,"Roubos",0);            INSERT INTO EstatísticaJogador values (150245,543);
INSERT INTO Estatística values (544,"Minutos",25);          INSERT INTO EstatísticaJogador values (150245,544);
INSERT INTO Estatística values (545,"Bloqueios",0);         INSERT INTO EstatísticaJogador values (150245,545);
--stats 268873 scott lindsey
INSERT INTO Estatística values (546,"Pontos",5);            INSERT INTO EstatísticaJogador values (268873,546);
INSERT INTO Estatística values (547,"Ressaltos",0);         INSERT INTO EstatísticaJogador values (268873,547);
INSERT INTO Estatística values (548,"FaltasSofridas",1);    INSERT INTO EstatísticaJogador values (268873,548);
INSERT INTO Estatística values (549,"FaltasCometidas",3);   INSERT INTO EstatísticaJogador values (268873,549);
INSERT INTO Estatística values (550,"Assistências",1);      INSERT INTO EstatísticaJogador values (268873,550);
INSERT INTO Estatística values (551,"Valorização",0);       INSERT INTO EstatísticaJogador values (268873,551);
INSERT INTO Estatística values (552,"Roubos",0);            INSERT INTO EstatísticaJogador values (268873,552);
INSERT INTO Estatística values (553,"Minutos",16);          INSERT INTO EstatísticaJogador values (268873,553);
INSERT INTO Estatística values (554,"Bloqueios",0);         INSERT INTO EstatísticaJogador values (268873,554);
--stats 268872 demond carter
INSERT INTO Estatística values (555,"Pontos",18);           INSERT INTO EstatísticaJogador values (268872,555);
INSERT INTO Estatística values (556,"Ressaltos",4);         INSERT INTO EstatísticaJogador values (268872,556);
INSERT INTO Estatística values (557,"FaltasSofridas",1);    INSERT INTO EstatísticaJogador values (268872,557);
INSERT INTO Estatística values (558,"FaltasCometidas",1);   INSERT INTO EstatísticaJogador values (268872,558);
INSERT INTO Estatística values (559,"Assistências",7);      INSERT INTO EstatísticaJogador values (268872,559);
INSERT INTO Estatística values (560,"Valorização",30);      INSERT INTO EstatísticaJogador values (268872,560);
INSERT INTO Estatística values (561,"Roubos",1);            INSERT INTO EstatísticaJogador values (268872,561);
INSERT INTO Estatística values (562,"Minutos",21);          INSERT INTO EstatísticaJogador values (268872,562);
INSERT INTO Estatística values (563,"Bloqueios",0);         INSERT INTO EstatísticaJogador values (268872,563);
--stats 202055 bruno araujo
INSERT INTO Estatística values (564,"Pontos",0);            INSERT INTO EstatísticaJogador values (202055,564);
INSERT INTO Estatística values (565,"Ressaltos",0);         INSERT INTO EstatísticaJogador values (202055,565);
INSERT INTO Estatística values (566,"FaltasSofridas",0);    INSERT INTO EstatísticaJogador values (202055,566);
INSERT INTO Estatística values (567,"FaltasCometidas",1);   INSERT INTO EstatísticaJogador values (202055,567);
INSERT INTO Estatística values (568,"Assistências",0);      INSERT INTO EstatísticaJogador values (202055,568);
INSERT INTO Estatística values (569,"Valorização",0);       INSERT INTO EstatísticaJogador values (202055,569);
INSERT INTO Estatística values (570,"Roubos",0);            INSERT INTO EstatísticaJogador values (202055,570);
INSERT INTO Estatística values (571,"Minutos",4);           INSERT INTO EstatísticaJogador values (202055,571);
INSERT INTO Estatística values (572,"Bloqueios",0);         INSERT INTO EstatísticaJogador values (202055,572);
--stats 268870 caleb walker
INSERT INTO Estatística values (573,"Pontos",19);            INSERT INTO EstatísticaJogador values (268870,573);
INSERT INTO Estatística values (574,"Ressaltos",4);         INSERT INTO EstatísticaJogador values (268870,574);
INSERT INTO Estatística values (575,"FaltasSofridas",4);    INSERT INTO EstatísticaJogador values (268870,575);
INSERT INTO Estatística values (576,"FaltasCometidas",1);   INSERT INTO EstatísticaJogador values (268870,576);
INSERT INTO Estatística values (577,"Assistências",1);      INSERT INTO EstatísticaJogador values (268870,577);
INSERT INTO Estatística values (578,"Valorização",17);       INSERT INTO EstatísticaJogador values (268870,578);
INSERT INTO Estatística values (579,"Roubos",1);            INSERT INTO EstatísticaJogador values (268870,579);
INSERT INTO Estatística values (580,"Minutos",25);           INSERT INTO EstatísticaJogador values (268870,580);
INSERT INTO Estatística values (581,"Bloqueios",0);         INSERT INTO EstatísticaJogador values (268870,581);
--stats 186411 rafael santos
INSERT INTO Estatística values (582,"Pontos",12);            INSERT INTO EstatísticaJogador values (186411,582);
INSERT INTO Estatística values (583,"Ressaltos",4);         INSERT INTO EstatísticaJogador values (186411,583);
INSERT INTO Estatística values (584,"FaltasSofridas",1);    INSERT INTO EstatísticaJogador values (186411,584);
INSERT INTO Estatística values (585,"FaltasCometidas",4);   INSERT INTO EstatísticaJogador values (186411,585);
INSERT INTO Estatística values (586,"Assistências",2);      INSERT INTO EstatísticaJogador values (186411,586);
INSERT INTO Estatística values (587,"Valorização",14);       INSERT INTO EstatísticaJogador values (186411,587);
INSERT INTO Estatística values (588,"Roubos",1);            INSERT INTO EstatísticaJogador values (186411,588);
INSERT INTO Estatística values (589,"Minutos",19);           INSERT INTO EstatísticaJogador values (186411,589);
INSERT INTO Estatística values (590,"Bloqueios",0);         INSERT INTO EstatísticaJogador values (186411,590);
--stats 130949 arnette scharfhausen
INSERT INTO Estatística values (591,"Pontos",2);            INSERT INTO EstatísticaJogador values (130949,591);
INSERT INTO Estatística values (592,"Ressaltos",2);         INSERT INTO EstatísticaJogador values (130949,592);
INSERT INTO Estatística values (593,"FaltasSofridas",1);    INSERT INTO EstatísticaJogador values (130949,593);
INSERT INTO Estatística values (594,"FaltasCometidas",0);   INSERT INTO EstatísticaJogador values (130949,594);
INSERT INTO Estatística values (595,"Assistências",1);      INSERT INTO EstatísticaJogador values (130949,595);
INSERT INTO Estatística values (596,"Valorização",2);       INSERT INTO EstatísticaJogador values (130949,596);
INSERT INTO Estatística values (597,"Roubos",1);            INSERT INTO EstatísticaJogador values (130949,597);
INSERT INTO Estatística values (598,"Minutos",15);           INSERT INTO EstatísticaJogador values (130949,598);
INSERT INTO Estatística values (599,"Bloqueios",0);         INSERT INTO EstatísticaJogador values (130949,599);
--stats 268871 cameron jackson
INSERT INTO Estatística values (600,"Pontos",14);            INSERT INTO EstatísticaJogador values (268871,600);
INSERT INTO Estatística values (601,"Ressaltos",2);         INSERT INTO EstatísticaJogador values (268871,601);
INSERT INTO Estatística values (602,"FaltasSofridas",4);    INSERT INTO EstatísticaJogador values (268871,602);
INSERT INTO Estatística values (603,"FaltasCometidas",1);   INSERT INTO EstatísticaJogador values (268871,603);
INSERT INTO Estatística values (604,"Assistências",2);      INSERT INTO EstatísticaJogador values (268871,604);
INSERT INTO Estatística values (605,"Valorização",33);       INSERT INTO EstatísticaJogador values (268871,605);
INSERT INTO Estatística values (606,"Roubos",4);            INSERT INTO EstatísticaJogador values (268871,606);
INSERT INTO Estatística values (607,"Minutos",21);           INSERT INTO EstatísticaJogador values (268871,607);
INSERT INTO Estatística values (608,"Bloqueios",1);         INSERT INTO EstatísticaJogador values (268871,608);
--stats Benfica total
INSERT INTO Estatística values (609,"Pontos",92);           INSERT INTO EstatísticaClube values (1,609);
INSERT INTO Estatística values (610,"Ressaltos",38);        INSERT INTO EstatísticaClube values (1,610);
INSERT INTO Estatística values (611,"FaltasSofridas",16);   INSERT INTO EstatísticaClube values (1,611);
INSERT INTO Estatística values (612,"FaltasCometidas",21);  INSERT INTO EstatísticaClube values (1,612);
INSERT INTO Estatística values (613,"Assistências",18);     INSERT INTO EstatísticaClube values (1,613);
INSERT INTO Estatística values (614,"Valorização",113);     INSERT INTO EstatísticaClube values (1,614);
INSERT INTO Estatística values (615,"Roubos",10);           INSERT INTO EstatísticaClube values (1,615);
INSERT INTO Estatística values (616,"Minutos",200);         INSERT INTO EstatísticaClube values (1,616);
INSERT INTO Estatística values (617,"Bloqueios",1);         INSERT INTO EstatísticaClube values (1,617);
INSERT INTO Estatística values (618,"Pontos",18);           INSERT INTO EstatísticaPontos values (618,1);
INSERT INTO Estatística values (619,"Pontos",21);           INSERT INTO EstatísticaPontos values (619,2);
INSERT INTO Estatística values (620,"Pontos",30);           INSERT INTO EstatísticaPontos values (620,3);
INSERT INTO Estatística values (621,"Pontos",23);           INSERT INTO EstatísticaPontos values (621,4);

--stats jogadores CAB Madeira---
--stats 268789 cheeseman
INSERT INTO Estatística values (622,"Pontos",14);           INSERT INTO EstatísticaJogador values (268789,622);
INSERT INTO Estatística values (623,"Ressaltos",10);        INSERT INTO EstatísticaJogador values (268789,623);
INSERT INTO Estatística values (624,"FaltasSofridas",2);    INSERT INTO EstatísticaJogador values (268789,624);
INSERT INTO Estatística values (625,"FaltasCometidas",3);   INSERT INTO EstatísticaJogador values (268789,625);
INSERT INTO Estatística values (626,"Assistências",0);      INSERT INTO EstatísticaJogador values (268789,626);
INSERT INTO Estatística values (627,"Valorização",14);      INSERT INTO EstatísticaJogador values (268789,627);
INSERT INTO Estatística values (628,"Roubos",0);            INSERT INTO EstatísticaJogador values (268789,628);
INSERT INTO Estatística values (629,"Minutos",37);          INSERT INTO EstatísticaJogador values (268789,629);
INSERT INTO Estatística values (630,"Bloqueios",0);         INSERT INTO EstatísticaJogador values (268789,630);
--stats 196210 bernardo ferreira
INSERT INTO Estatística values (631,"Pontos",1);            INSERT INTO EstatísticaJogador values (196210,631);
INSERT INTO Estatística values (632,"Ressaltos",0);         INSERT INTO EstatísticaJogador values (196210,632);
INSERT INTO Estatística values (633,"FaltasSofridas",3);    INSERT INTO EstatísticaJogador values (196210,633);
INSERT INTO Estatística values (634,"FaltasCometidas",0);   INSERT INTO EstatísticaJogador values (196210,634);
INSERT INTO Estatística values (635,"Assistências",0);      INSERT INTO EstatísticaJogador values (196210,635);
INSERT INTO Estatística values (636,"Valorização",2);       INSERT INTO EstatísticaJogador values (196210,636);
INSERT INTO Estatística values (637,"Roubos",0);            INSERT INTO EstatísticaJogador values (196210,637);
INSERT INTO Estatística values (638,"Minutos",8);           INSERT INTO EstatísticaJogador values (196210,638);
INSERT INTO Estatística values (639,"Bloqueios",0);         INSERT INTO EstatísticaJogador values (196210,639);
--stats 165421 josé correia
INSERT INTO Estatística values (640,"Pontos",0);            INSERT INTO EstatísticaJogador values (165421,640);
INSERT INTO Estatística values (641,"Ressaltos",0);         INSERT INTO EstatísticaJogador values (165421,641);
INSERT INTO Estatística values (642,"FaltasSofridas",1);    INSERT INTO EstatísticaJogador values (165421,642);
INSERT INTO Estatística values (643,"FaltasCometidas",2);   INSERT INTO EstatísticaJogador values (165421,643);
INSERT INTO Estatística values (644,"Assistências",0);      INSERT INTO EstatísticaJogador values (165421,644);
INSERT INTO Estatística values (645,"Valorização",0);       INSERT INTO EstatísticaJogador values (165421,645);
INSERT INTO Estatística values (646,"Roubos",2);            INSERT INTO EstatísticaJogador values (165421,646);
INSERT INTO Estatística values (647,"Minutos",15);          INSERT INTO EstatísticaJogador values (165421,647);
INSERT INTO Estatística values (648,"Bloqueios",0);         INSERT INTO EstatísticaJogador values (165421,648);
--stats 268791 davon clare
INSERT INTO Estatística values (649,"Pontos",6);            INSERT INTO EstatísticaJogador values (268791,649);
INSERT INTO Estatística values (650,"Ressaltos",2);         INSERT INTO EstatísticaJogador values (268791,650);
INSERT INTO Estatística values (651,"FaltasSofridas",2);    INSERT INTO EstatísticaJogador values (268791,651);
INSERT INTO Estatística values (652,"FaltasCometidas",1);   INSERT INTO EstatísticaJogador values (268791,652);
INSERT INTO Estatística values (653,"Assistências",2);      INSERT INTO EstatísticaJogador values (268791,653);
INSERT INTO Estatística values (654,"Valorização",3);       INSERT INTO EstatísticaJogador values (268791,654);
INSERT INTO Estatística values (655,"Roubos",1);            INSERT INTO EstatísticaJogador values (268791,655);
INSERT INTO Estatística values (656,"Minutos",28);          INSERT INTO EstatísticaJogador values (268791,656);
INSERT INTO Estatística values (657,"Bloqueios",0);         INSERT INTO EstatísticaJogador values (268791,657);
--stats 203095 francisco barroca
INSERT INTO Estatística values (658,"Pontos",0);            INSERT INTO EstatísticaJogador values (203095,658);
INSERT INTO Estatística values (659,"Ressaltos",0);         INSERT INTO EstatísticaJogador values (203095,659);
INSERT INTO Estatística values (660,"FaltasSofridas",0);    INSERT INTO EstatísticaJogador values (203095,660);
INSERT INTO Estatística values (661,"FaltasCometidas",0);   INSERT INTO EstatísticaJogador values (203095,661);
INSERT INTO Estatística values (662,"Assistências",0);      INSERT INTO EstatísticaJogador values (203095,662);
INSERT INTO Estatística values (663,"Valorização",0);       INSERT INTO EstatísticaJogador values (203095,663);
INSERT INTO Estatística values (664,"Roubos",0);            INSERT INTO EstatísticaJogador values (203095,664);
INSERT INTO Estatística values (665,"Minutos",0);           INSERT INTO EstatísticaJogador values (203095,665);
INSERT INTO Estatística values (666,"Bloqueios",0);         INSERT INTO EstatísticaJogador values (203095,666);
--stats 243829 arvydas
INSERT INTO Estatística values (667,"Pontos",10);            INSERT INTO EstatísticaJogador values (243829,667);
INSERT INTO Estatística values (668,"Ressaltos",9);         INSERT INTO EstatísticaJogador values (243829,668);
INSERT INTO Estatística values (669,"FaltasSofridas",1);    INSERT INTO EstatísticaJogador values (243829,669);
INSERT INTO Estatística values (670,"FaltasCometidas",4);   INSERT INTO EstatísticaJogador values (243829,670);
INSERT INTO Estatística values (671,"Assistências",2);      INSERT INTO EstatísticaJogador values (243829,671);
INSERT INTO Estatística values (672,"Valorização",14);       INSERT INTO EstatísticaJogador values (243829,672);
INSERT INTO Estatística values (673,"Roubos",0);            INSERT INTO EstatísticaJogador values (243829,673);
INSERT INTO Estatística values (674,"Minutos",33);           INSERT INTO EstatísticaJogador values (243829,674);
INSERT INTO Estatística values (675,"Bloqueios",0);         INSERT INTO EstatísticaJogador values (243829,675);
--stats 268792 mikkel
INSERT INTO Estatística values (676,"Pontos",26);            INSERT INTO EstatísticaJogador values (268792,676);
INSERT INTO Estatística values (677,"Ressaltos",4);         INSERT INTO EstatísticaJogador values (268792,677);
INSERT INTO Estatística values (678,"FaltasSofridas",6);    INSERT INTO EstatísticaJogador values (268792,678);
INSERT INTO Estatística values (679,"FaltasCometidas",3);   INSERT INTO EstatísticaJogador values (268792,679);
INSERT INTO Estatística values (680,"Assistências",2);      INSERT INTO EstatísticaJogador values (268792,680);
INSERT INTO Estatística values (681,"Valorização",21);       INSERT INTO EstatísticaJogador values (268792,681);
INSERT INTO Estatística values (682,"Roubos",0);            INSERT INTO EstatísticaJogador values (268792,682);
INSERT INTO Estatística values (683,"Minutos",33);           INSERT INTO EstatísticaJogador values (268792,683);
INSERT INTO Estatística values (684,"Bloqueios",0);         INSERT INTO EstatísticaJogador values (268792,684);
--stats 184353 tomás dias
INSERT INTO Estatística values (685,"Pontos",0);            INSERT INTO EstatísticaJogador values (184353,685);
INSERT INTO Estatística values (686,"Ressaltos",0);         INSERT INTO EstatísticaJogador values (184353,686);
INSERT INTO Estatística values (687,"FaltasSofridas",0);    INSERT INTO EstatísticaJogador values (184353,687);
INSERT INTO Estatística values (688,"FaltasCometidas",0);   INSERT INTO EstatísticaJogador values (184353,688);
INSERT INTO Estatística values (689,"Assistências",0);      INSERT INTO EstatísticaJogador values (184353,689);
INSERT INTO Estatística values (690,"Valorização",0);       INSERT INTO EstatísticaJogador values (184353,690);
INSERT INTO Estatística values (691,"Roubos",0);            INSERT INTO EstatísticaJogador values (184353,691);
INSERT INTO Estatística values (692,"Minutos",0);           INSERT INTO EstatísticaJogador values (184353,692);
INSERT INTO Estatística values (693,"Bloqueios",0);         INSERT INTO EstatísticaJogador values (184353,693);
--stats 208207 nuno sá
INSERT INTO Estatística values (694,"Pontos",9);            INSERT INTO EstatísticaJogador values (208207,694);
INSERT INTO Estatística values (695,"Ressaltos",8);         INSERT INTO EstatísticaJogador values (208207,695);
INSERT INTO Estatística values (696,"FaltasSofridas",6);    INSERT INTO EstatísticaJogador values (208207,696);
INSERT INTO Estatística values (697,"FaltasCometidas",2);   INSERT INTO EstatísticaJogador values (208207,697);
INSERT INTO Estatística values (698,"Assistências",2);      INSERT INTO EstatísticaJogador values (208207,698);
INSERT INTO Estatística values (699,"Valorização",13);       INSERT INTO EstatísticaJogador values (208207,699);
INSERT INTO Estatística values (700,"Roubos",1);            INSERT INTO EstatísticaJogador values (208207,700);
INSERT INTO Estatística values (701,"Minutos",31);           INSERT INTO EstatísticaJogador values (208207,701);
INSERT INTO Estatística values (702,"Bloqueios",1);         INSERT INTO EstatísticaJogador values (208207,702);
--stats 180191 rui nery
INSERT INTO Estatística values (703,"Pontos",0);            INSERT INTO EstatísticaJogador values (180191,703);
INSERT INTO Estatística values (704,"Ressaltos",2);         INSERT INTO EstatísticaJogador values (180191,704);
INSERT INTO Estatística values (705,"FaltasSofridas",0);    INSERT INTO EstatísticaJogador values (180191,705);
INSERT INTO Estatística values (706,"FaltasCometidas",1);   INSERT INTO EstatísticaJogador values (180191,706);
INSERT INTO Estatística values (707,"Assistências",2);      INSERT INTO EstatísticaJogador values (180191,707);
INSERT INTO Estatística values (708,"Valorização",1);       INSERT INTO EstatísticaJogador values (180191,708);
INSERT INTO Estatística values (709,"Roubos",0);            INSERT INTO EstatísticaJogador values (180191,709);
INSERT INTO Estatística values (710,"Minutos",15);          INSERT INTO EstatísticaJogador values (180191,710);
INSERT INTO Estatística values (711,"Bloqueios",0);         INSERT INTO EstatísticaJogador values (180191,711);
--stats CAB Madeira total
INSERT INTO Estatística values (712,"Pontos",66);           INSERT INTO EstatísticaClube values (11,712);
INSERT INTO Estatística values (713,"Ressaltos",40);        INSERT INTO EstatísticaClube values (11,713);
INSERT INTO Estatística values (714,"FaltasSofridas",21);   INSERT INTO EstatísticaClube values (11,714);
INSERT INTO Estatística values (715,"FaltasCometidas",16);  INSERT INTO EstatísticaClube values (11,715);
INSERT INTO Estatística values (716,"Assistências",10);     INSERT INTO EstatísticaClube values (11,716);
INSERT INTO Estatística values (717,"Valorização",73);      INSERT INTO EstatísticaClube values (11,717);
INSERT INTO Estatística values (718,"Roubos",4);           INSERT INTO EstatísticaClube values (11,718);
INSERT INTO Estatística values (719,"Minutos",200);          INSERT INTO EstatísticaClube values (11,719);
INSERT INTO Estatística values (720,"Bloqueios",1);        INSERT INTO EstatísticaClube values (11,720);
INSERT INTO Estatística values (721,"Pontos",12);           INSERT INTO EstatísticaPontos values (721,1);
INSERT INTO Estatística values (722,"Pontos",11);           INSERT INTO EstatísticaPontos values (722,2);
INSERT INTO Estatística values (723,"Pontos",18);           INSERT INTO EstatísticaPontos values (723,3);
INSERT INTO Estatística values (724,"Pontos",25);           INSERT INTO EstatísticaPontos values (724,4);

--jogo CAB Madeira x Benfica
INSERT INTO Jogo values (3,1,"11-10-2020",10,11,1);

--Arbitros CAB Madeira x Benfica
INSERT INTO Árbitro values(20,'Manuel José Varela Mendes',"Comissário");
INSERT INTO Árbitro values(21,'Paulo Jorge Lima Pereira',"Árbitro Auxiliar 1");
INSERT INTO Árbitro values(22,'Nuno Alexandre Rosa Monteiro',"Árbitro Auxiliar 2");
INSERT INTO Árbitro values(23,'Rui Nicolau Dias Pinto',"Marcador");
INSERT INTO Árbitro values(24,'José Bruno Ferreira Camacho',"Marcador Auxiliar");
INSERT INTO Árbitro values(25,'Neide Vanessa Fernandes Ferreira',"Cronometrista");
INSERT INTO Árbitro values(26,'Maria João Ferreira Andrade Mendes',"Operador 24 segundos");

INSERT INTO ÁrbitrosnoJogo values (20,3);
INSERT INTO ÁrbitrosnoJogo values (21,3);
INSERT INTO ÁrbitrosnoJogo values (22,3);
INSERT INTO ÁrbitrosnoJogo values (23,3);
INSERT INTO ÁrbitrosnoJogo values (24,3);
INSERT INTO ÁrbitrosnoJogo values (25,3);
INSERT INTO ÁrbitrosnoJogo values (26,3);

INSERT INTO EstatísticaJogo values (3,501);
INSERT INTO EstatísticaJogo values (3,502);
INSERT INTO EstatísticaJogo values (3,503);
INSERT INTO EstatísticaJogo values (3,504);
INSERT INTO EstatísticaJogo values (3,505);
INSERT INTO EstatísticaJogo values (3,506);
INSERT INTO EstatísticaJogo values (3,507);
INSERT INTO EstatísticaJogo values (3,508);
INSERT INTO EstatísticaJogo values (3,509);
INSERT INTO EstatísticaJogo values (3,510);
INSERT INTO EstatísticaJogo values (3,511);
INSERT INTO EstatísticaJogo values (3,512);
INSERT INTO EstatísticaJogo values (3,513);
INSERT INTO EstatísticaJogo values (3,514);
INSERT INTO EstatísticaJogo values (3,515);
INSERT INTO EstatísticaJogo values (3,516);
INSERT INTO EstatísticaJogo values (3,517);
INSERT INTO EstatísticaJogo values (3,518);
INSERT INTO EstatísticaJogo values (3,519);
INSERT INTO EstatísticaJogo values (3,520);
INSERT INTO EstatísticaJogo values (3,521);
INSERT INTO EstatísticaJogo values (3,522);
INSERT INTO EstatísticaJogo values (3,523);
INSERT INTO EstatísticaJogo values (3,524);
INSERT INTO EstatísticaJogo values (3,525);
INSERT INTO EstatísticaJogo values (3,526);
INSERT INTO EstatísticaJogo values (3,527);
INSERT INTO EstatísticaJogo values (3,528);
INSERT INTO EstatísticaJogo values (3,529);
INSERT INTO EstatísticaJogo values (3,530);
INSERT INTO EstatísticaJogo values (3,531);
INSERT INTO EstatísticaJogo values (3,532);
INSERT INTO EstatísticaJogo values (3,533);
INSERT INTO EstatísticaJogo values (3,534);
INSERT INTO EstatísticaJogo values (3,535);
INSERT INTO EstatísticaJogo values (3,536);
INSERT INTO EstatísticaJogo values (3,537);
INSERT INTO EstatísticaJogo values (3,538);
INSERT INTO EstatísticaJogo values (3,539);
INSERT INTO EstatísticaJogo values (3,540);
INSERT INTO EstatísticaJogo values (3,541);
INSERT INTO EstatísticaJogo values (3,542);
INSERT INTO EstatísticaJogo values (3,543);
INSERT INTO EstatísticaJogo values (3,544);
INSERT INTO EstatísticaJogo values (3,545);
INSERT INTO EstatísticaJogo values (3,546);
INSERT INTO EstatísticaJogo values (3,547);
INSERT INTO EstatísticaJogo values (3,548);
INSERT INTO EstatísticaJogo values (3,549);
INSERT INTO EstatísticaJogo values (3,550);
INSERT INTO EstatísticaJogo values (3,551);
INSERT INTO EstatísticaJogo values (3,552);
INSERT INTO EstatísticaJogo values (3,553);
INSERT INTO EstatísticaJogo values (3,554);
INSERT INTO EstatísticaJogo values (3,555);
INSERT INTO EstatísticaJogo values (3,556);
INSERT INTO EstatísticaJogo values (3,557);
INSERT INTO EstatísticaJogo values (3,558);
INSERT INTO EstatísticaJogo values (3,559);
INSERT INTO EstatísticaJogo values (3,560);
INSERT INTO EstatísticaJogo values (3,561);
INSERT INTO EstatísticaJogo values (3,562);
INSERT INTO EstatísticaJogo values (3,563);
INSERT INTO EstatísticaJogo values (3,564);
INSERT INTO EstatísticaJogo values (3,565);
INSERT INTO EstatísticaJogo values (3,566);
INSERT INTO EstatísticaJogo values (3,567);
INSERT INTO EstatísticaJogo values (3,568);
INSERT INTO EstatísticaJogo values (3,569);
INSERT INTO EstatísticaJogo values (3,570);
INSERT INTO EstatísticaJogo values (3,571);
INSERT INTO EstatísticaJogo values (3,572);
INSERT INTO EstatísticaJogo values (3,573);
INSERT INTO EstatísticaJogo values (3,574);
INSERT INTO EstatísticaJogo values (3,575);
INSERT INTO EstatísticaJogo values (3,576);
INSERT INTO EstatísticaJogo values (3,577);
INSERT INTO EstatísticaJogo values (3,578);
INSERT INTO EstatísticaJogo values (3,579);
INSERT INTO EstatísticaJogo values (3,580);
INSERT INTO EstatísticaJogo values (3,581);
INSERT INTO EstatísticaJogo values (3,582);
INSERT INTO EstatísticaJogo values (3,583);
INSERT INTO EstatísticaJogo values (3,584);
INSERT INTO EstatísticaJogo values (3,585);
INSERT INTO EstatísticaJogo values (3,586);
INSERT INTO EstatísticaJogo values (3,587);
INSERT INTO EstatísticaJogo values (3,588);
INSERT INTO EstatísticaJogo values (3,589);
INSERT INTO EstatísticaJogo values (3,590);
INSERT INTO EstatísticaJogo values (3,591);
INSERT INTO EstatísticaJogo values (3,592);
INSERT INTO EstatísticaJogo values (3,593);
INSERT INTO EstatísticaJogo values (3,594);
INSERT INTO EstatísticaJogo values (3,595);
INSERT INTO EstatísticaJogo values (3,596);
INSERT INTO EstatísticaJogo values (3,597);
INSERT INTO EstatísticaJogo values (3,598);
INSERT INTO EstatísticaJogo values (3,599);
INSERT INTO EstatísticaJogo values (3,600);
INSERT INTO EstatísticaJogo values (3,601);
INSERT INTO EstatísticaJogo values (3,602);
INSERT INTO EstatísticaJogo values (3,603);
INSERT INTO EstatísticaJogo values (3,604);
INSERT INTO EstatísticaJogo values (3,605);
INSERT INTO EstatísticaJogo values (3,606);
INSERT INTO EstatísticaJogo values (3,607);
INSERT INTO EstatísticaJogo values (3,608);
INSERT INTO EstatísticaJogo values (3,609);
INSERT INTO EstatísticaJogo values (3,610);
INSERT INTO EstatísticaJogo values (3,611);
INSERT INTO EstatísticaJogo values (3,612);
INSERT INTO EstatísticaJogo values (3,613);
INSERT INTO EstatísticaJogo values (3,614);
INSERT INTO EstatísticaJogo values (3,615);
INSERT INTO EstatísticaJogo values (3,616);
INSERT INTO EstatísticaJogo values (3,617);
INSERT INTO EstatísticaJogo values (3,618);
INSERT INTO EstatísticaJogo values (3,619);
INSERT INTO EstatísticaJogo values (3,620);
INSERT INTO EstatísticaJogo values (3,621);
INSERT INTO EstatísticaJogo values (3,622);
INSERT INTO EstatísticaJogo values (3,623);
INSERT INTO EstatísticaJogo values (3,624);
INSERT INTO EstatísticaJogo values (3,625);
INSERT INTO EstatísticaJogo values (3,626);
INSERT INTO EstatísticaJogo values (3,627);
INSERT INTO EstatísticaJogo values (3,628);
INSERT INTO EstatísticaJogo values (3,629);
INSERT INTO EstatísticaJogo values (3,630);
INSERT INTO EstatísticaJogo values (3,631);
INSERT INTO EstatísticaJogo values (3,632);
INSERT INTO EstatísticaJogo values (3,633);
INSERT INTO EstatísticaJogo values (3,634);
INSERT INTO EstatísticaJogo values (3,635);
INSERT INTO EstatísticaJogo values (3,636);
INSERT INTO EstatísticaJogo values (3,637);
INSERT INTO EstatísticaJogo values (3,638);
INSERT INTO EstatísticaJogo values (3,639);
INSERT INTO EstatísticaJogo values (3,640);
INSERT INTO EstatísticaJogo values (3,641);
INSERT INTO EstatísticaJogo values (3,642);
INSERT INTO EstatísticaJogo values (3,643);
INSERT INTO EstatísticaJogo values (3,644);
INSERT INTO EstatísticaJogo values (3,645);
INSERT INTO EstatísticaJogo values (3,646);
INSERT INTO EstatísticaJogo values (3,647);
INSERT INTO EstatísticaJogo values (3,648);
INSERT INTO EstatísticaJogo values (3,649);
INSERT INTO EstatísticaJogo values (3,650);
INSERT INTO EstatísticaJogo values (3,651);
INSERT INTO EstatísticaJogo values (3,652);
INSERT INTO EstatísticaJogo values (3,653);
INSERT INTO EstatísticaJogo values (3,654);
INSERT INTO EstatísticaJogo values (3,655);
INSERT INTO EstatísticaJogo values (3,656);
INSERT INTO EstatísticaJogo values (3,657);
INSERT INTO EstatísticaJogo values (3,658);
INSERT INTO EstatísticaJogo values (3,659);
INSERT INTO EstatísticaJogo values (3,660);
INSERT INTO EstatísticaJogo values (3,661);
INSERT INTO EstatísticaJogo values (3,662);
INSERT INTO EstatísticaJogo values (3,663);
INSERT INTO EstatísticaJogo values (3,664);
INSERT INTO EstatísticaJogo values (3,665);
INSERT INTO EstatísticaJogo values (3,666);
INSERT INTO EstatísticaJogo values (3,667);
INSERT INTO EstatísticaJogo values (3,668);
INSERT INTO EstatísticaJogo values (3,669);
INSERT INTO EstatísticaJogo values (3,670);
INSERT INTO EstatísticaJogo values (3,671);
INSERT INTO EstatísticaJogo values (3,672);
INSERT INTO EstatísticaJogo values (3,673);
INSERT INTO EstatísticaJogo values (3,674);
INSERT INTO EstatísticaJogo values (3,675);
INSERT INTO EstatísticaJogo values (3,676);
INSERT INTO EstatísticaJogo values (3,677);
INSERT INTO EstatísticaJogo values (3,678);
INSERT INTO EstatísticaJogo values (3,679);
INSERT INTO EstatísticaJogo values (3,680);
INSERT INTO EstatísticaJogo values (3,681);
INSERT INTO EstatísticaJogo values (3,682);
INSERT INTO EstatísticaJogo values (3,683);
INSERT INTO EstatísticaJogo values (3,684);
INSERT INTO EstatísticaJogo values (3,685);
INSERT INTO EstatísticaJogo values (3,686);
INSERT INTO EstatísticaJogo values (3,687);
INSERT INTO EstatísticaJogo values (3,689);
INSERT INTO EstatísticaJogo values (3,690);
INSERT INTO EstatísticaJogo values (3,691);
INSERT INTO EstatísticaJogo values (3,692);
INSERT INTO EstatísticaJogo values (3,693);
INSERT INTO EstatísticaJogo values (3,694);
INSERT INTO EstatísticaJogo values (3,695);
INSERT INTO EstatísticaJogo values (3,696);
INSERT INTO EstatísticaJogo values (3,697);
INSERT INTO EstatísticaJogo values (3,698);
INSERT INTO EstatísticaJogo values (3,699);
INSERT INTO EstatísticaJogo values (3,700);
INSERT INTO EstatísticaJogo values (3,701);
INSERT INTO EstatísticaJogo values (3,702);
INSERT INTO EstatísticaJogo values (3,703);
INSERT INTO EstatísticaJogo values (3,704);
INSERT INTO EstatísticaJogo values (3,705);
INSERT INTO EstatísticaJogo values (3,706);
INSERT INTO EstatísticaJogo values (3,707);
INSERT INTO EstatísticaJogo values (3,708);
INSERT INTO EstatísticaJogo values (3,709);
INSERT INTO EstatísticaJogo values (3,710);
INSERT INTO EstatísticaJogo values (3,711);
INSERT INTO EstatísticaJogo values (3,712);
INSERT INTO EstatísticaJogo values (3,713);
INSERT INTO EstatísticaJogo values (3,714);
INSERT INTO EstatísticaJogo values (3,715);
INSERT INTO EstatísticaJogo values (3,716);
INSERT INTO EstatísticaJogo values (3,717);
INSERT INTO EstatísticaJogo values (3,718);
INSERT INTO EstatísticaJogo values (3,719);
INSERT INTO EstatísticaJogo values (3,720);
INSERT INTO EstatísticaJogo values (3,721);
INSERT INTO EstatísticaJogo values (3,722);
INSERT INTO EstatísticaJogo values (3,723);
INSERT INTO EstatísticaJogo values (3,724);

--subs jogo CAB Madeira x Benfica
INSERT INTO Estatística values (958,"Substituição",6);  INSERT INTO EstatísticaSubstituição values (958, 180191, 268792);
INSERT INTO Estatística values (959,"Substituição",9);  INSERT INTO EstatísticaSubstituição values (959, 165421, 243829);
INSERT INTO Estatística values (960,"Substituição",15); INSERT INTO EstatísticaSubstituição values (960, 268872, 143610);
INSERT INTO Estatística values (961,"Substituição",18); INSERT INTO EstatísticaSubstituição values (961, 180191, 165421);
INSERT INTO Estatística values (962,"Substituição",23); INSERT INTO EstatísticaSubstituição values (962, 268873, 139461);
INSERT INTO Estatística values (963,"Substituição",25); INSERT INTO EstatísticaSubstituição values (963, 268791, 243829);
INSERT INTO Estatística values (964,"Substituição",32); INSERT INTO EstatísticaSubstituição values (964, 208207, 196210);
INSERT INTO Estatística values (965,"Substituição",37); INSERT INTO EstatísticaSubstituição values (965, 200711, 143610);

INSERT INTO EstatísticaJogo values (3,958);
INSERT INTO EstatísticaJogo values (3,959);
INSERT INTO EstatísticaJogo values (3,960);
INSERT INTO EstatísticaJogo values (3,961);
INSERT INTO EstatísticaJogo values (3,962);
INSERT INTO EstatísticaJogo values (3,963);
INSERT INTO EstatísticaJogo values (3,964);
INSERT INTO EstatísticaJogo values (3,965);


------------------------------------------------------------------------------------------------
--stats jogadores Galitos
--stats 249388 patrick iv
INSERT INTO Estatística values (725,"Pontos",0);            INSERT INTO EstatísticaJogador values (249388,725);
INSERT INTO Estatística values (726,"Ressaltos",0);         INSERT INTO EstatísticaJogador values (249388,726);
INSERT INTO Estatística values (727,"FaltasSofridas",0);    INSERT INTO EstatísticaJogador values (249388,727);
INSERT INTO Estatística values (728,"FaltasCometidas",0);   INSERT INTO EstatísticaJogador values (249388,728);
INSERT INTO Estatística values (729,"Assistências",0);      INSERT INTO EstatísticaJogador values (249388,729);
INSERT INTO Estatística values (730,"Valorização",0);       INSERT INTO EstatísticaJogador values (249388,730);
INSERT INTO Estatística values (731,"Roubos",0);            INSERT INTO EstatísticaJogador values (249388,731);
INSERT INTO Estatística values (732,"Minutos",0);           INSERT INTO EstatísticaJogador values (249388,732);
INSERT INTO Estatística values (733,"Bloqueios",0);         INSERT INTO EstatísticaJogador values (249388,733);
--stats 120112 diogo correia
INSERT INTO Estatística values (734,"Pontos",6);            INSERT INTO EstatísticaJogador values (120112,734);
INSERT INTO Estatística values (735,"Ressaltos",3);         INSERT INTO EstatísticaJogador values (120112,735);
INSERT INTO Estatística values (736,"FaltasSofridas",2);    INSERT INTO EstatísticaJogador values (120112,736);
INSERT INTO Estatística values (737,"FaltasCometidas",1);   INSERT INTO EstatísticaJogador values (120112,737);
INSERT INTO Estatística values (738,"Assistências",3);      INSERT INTO EstatísticaJogador values (120112,738);
INSERT INTO Estatística values (739,"Valorização",0);       INSERT INTO EstatísticaJogador values (120112,739);
INSERT INTO Estatística values (740,"Roubos",0);            INSERT INTO EstatísticaJogador values (120112,740);
INSERT INTO Estatística values (741,"Minutos",36);           INSERT INTO EstatísticaJogador values (120112,741);
INSERT INTO Estatística values (742,"Bloqueios",0);         INSERT INTO EstatísticaJogador values (120112,742);
--stats 213265 miguel cleto
INSERT INTO Estatística values (743,"Pontos",0);            INSERT INTO EstatísticaJogador values (213265,743);
INSERT INTO Estatística values (744,"Ressaltos",0);         INSERT INTO EstatísticaJogador values (213265,744);
INSERT INTO Estatística values (745,"FaltasSofridas",0);    INSERT INTO EstatísticaJogador values (213265,745);
INSERT INTO Estatística values (746,"FaltasCometidas",0);   INSERT INTO EstatísticaJogador values (213265,746);
INSERT INTO Estatística values (747,"Assistências",0);      INSERT INTO EstatísticaJogador values (213265,747);
INSERT INTO Estatística values (748,"Valorização",0);       INSERT INTO EstatísticaJogador values (213265,748);
INSERT INTO Estatística values (749,"Roubos",0);            INSERT INTO EstatísticaJogador values (213265,749);
INSERT INTO Estatística values (750,"Minutos",0);           INSERT INTO EstatísticaJogador values (213265,750);
INSERT INTO Estatística values (751,"Bloqueios",0);         INSERT INTO EstatísticaJogador values (213265,751);
--stats 269137 alonzo ododa
INSERT INTO Estatística values (752,"Pontos",8);            INSERT INTO EstatísticaJogador values (269137,752);
INSERT INTO Estatística values (753,"Ressaltos",8);         INSERT INTO EstatísticaJogador values (269137,753);
INSERT INTO Estatística values (754,"FaltasSofridas",3);    INSERT INTO EstatísticaJogador values (269137,754);
INSERT INTO Estatística values (755,"FaltasCometidas",4);   INSERT INTO EstatísticaJogador values (269137,755);
INSERT INTO Estatística values (756,"Assistências",2);      INSERT INTO EstatísticaJogador values (269137,756);
INSERT INTO Estatística values (757,"Valorização",14);       INSERT INTO EstatísticaJogador values (269137,757);
INSERT INTO Estatística values (758,"Roubos",1);            INSERT INTO EstatísticaJogador values (269137,758);
INSERT INTO Estatística values (759,"Minutos",30);           INSERT INTO EstatísticaJogador values (269137,759);
INSERT INTO Estatística values (760,"Bloqueios",1);         INSERT INTO EstatísticaJogador values (269137,760);
--stats 126081 andré calabote
INSERT INTO Estatística values (761,"Pontos",0);            INSERT INTO EstatísticaJogador values (126081,761);
INSERT INTO Estatística values (762,"Ressaltos",0);         INSERT INTO EstatísticaJogador values (126081,762);
INSERT INTO Estatística values (763,"FaltasSofridas",0);    INSERT INTO EstatísticaJogador values (126081,763);
INSERT INTO Estatística values (764,"FaltasCometidas",2);   INSERT INTO EstatísticaJogador values (126081,764);
INSERT INTO Estatística values (765,"Assistências",0);      INSERT INTO EstatísticaJogador values (126081,765);
INSERT INTO Estatística values (766,"Valorização",0);       INSERT INTO EstatísticaJogador values (126081,766);
INSERT INTO Estatística values (767,"Roubos",0);            INSERT INTO EstatísticaJogador values (126081,767);
INSERT INTO Estatística values (768,"Minutos",5);           INSERT INTO EstatísticaJogador values (126081,768);
INSERT INTO Estatística values (769,"Bloqueios",0);         INSERT INTO EstatísticaJogador values (126081,769);
--stats 169106 paulo costa
INSERT INTO Estatística values (770,"Pontos",0);            INSERT INTO EstatísticaJogador values (169106,770);
INSERT INTO Estatística values (771,"Ressaltos",0);         INSERT INTO EstatísticaJogador values (169106,771);
INSERT INTO Estatística values (772,"FaltasSofridas",0);    INSERT INTO EstatísticaJogador values (169106,772);
INSERT INTO Estatística values (773,"FaltasCometidas",0);   INSERT INTO EstatísticaJogador values (169106,773);
INSERT INTO Estatística values (774,"Assistências",0);      INSERT INTO EstatísticaJogador values (169106,774);
INSERT INTO Estatística values (775,"Valorização",0);       INSERT INTO EstatísticaJogador values (169106,775);
INSERT INTO Estatística values (776,"Roubos",0);            INSERT INTO EstatísticaJogador values (169106,776);
INSERT INTO Estatística values (777,"Minutos",1);           INSERT INTO EstatísticaJogador values (169106,777);
INSERT INTO Estatística values (778,"Bloqueios",0);         INSERT INTO EstatísticaJogador values (169106,778);
--stats 171229 emanuel sá
INSERT INTO Estatística values (779,"Pontos",0);            INSERT INTO EstatísticaJogador values (171229,779);
INSERT INTO Estatística values (780,"Ressaltos",5);         INSERT INTO EstatísticaJogador values (171229,780);
INSERT INTO Estatística values (781,"FaltasSofridas",0);    INSERT INTO EstatísticaJogador values (171229,781);
INSERT INTO Estatística values (782,"FaltasCometidas",1);   INSERT INTO EstatísticaJogador values (171229,782);
INSERT INTO Estatística values (783,"Assistências",1);      INSERT INTO EstatísticaJogador values (171229,783);
INSERT INTO Estatística values (784,"Valorização",3);       INSERT INTO EstatísticaJogador values (171229,784);
INSERT INTO Estatística values (785,"Roubos",1);            INSERT INTO EstatísticaJogador values (171229,785);
INSERT INTO Estatística values (786,"Minutos",20);           INSERT INTO EstatísticaJogador values (171229,786);
INSERT INTO Estatística values (787,"Bloqueios",0);         INSERT INTO EstatísticaJogador values (171229,787);
--stats 256102 derreck brooks
INSERT INTO Estatística values (788,"Pontos",17);            INSERT INTO EstatísticaJogador values (256102,788);
INSERT INTO Estatística values (789,"Ressaltos",9);         INSERT INTO EstatísticaJogador values (256102,789);
INSERT INTO Estatística values (790,"FaltasSofridas",1);    INSERT INTO EstatísticaJogador values (256102,790);
INSERT INTO Estatística values (791,"FaltasCometidas",2);   INSERT INTO EstatísticaJogador values (256102,791);
INSERT INTO Estatística values (792,"Assistências",1);      INSERT INTO EstatísticaJogador values (256102,792);
INSERT INTO Estatística values (793,"Valorização",20);       INSERT INTO EstatísticaJogador values (256102,793);
INSERT INTO Estatística values (794,"Roubos",2);            INSERT INTO EstatísticaJogador values (256102,794);
INSERT INTO Estatística values (795,"Minutos",40);           INSERT INTO EstatísticaJogador values (256102,795);
INSERT INTO Estatística values (796,"Bloqueios",2);         INSERT INTO EstatísticaJogador values (256102,796);
--stats 256103 rozelle nix
INSERT INTO Estatística values (797,"Pontos",16);            INSERT INTO EstatísticaJogador values (256103,797);
INSERT INTO Estatística values (798,"Ressaltos",14);         INSERT INTO EstatísticaJogador values (256103,798);
INSERT INTO Estatística values (799,"FaltasSofridas",6);    INSERT INTO EstatísticaJogador values (256103,799);
INSERT INTO Estatística values (800,"FaltasCometidas",3);   INSERT INTO EstatísticaJogador values (256103,800);
INSERT INTO Estatística values (801,"Assistências",3);      INSERT INTO EstatísticaJogador values (256103,801);
INSERT INTO Estatística values (802,"Valorização",28);       INSERT INTO EstatísticaJogador values (256103,802);
INSERT INTO Estatística values (803,"Roubos",1);            INSERT INTO EstatísticaJogador values (256103,803);
INSERT INTO Estatística values (804,"Minutos",32);           INSERT INTO EstatísticaJogador values (256103,804);
INSERT INTO Estatística values (805,"Bloqueios",0);         INSERT INTO EstatísticaJogador values (256103,805);
--stats 139206 daniel machado
INSERT INTO Estatística values (806,"Pontos",15);            INSERT INTO EstatísticaJogador values (139206,806);
INSERT INTO Estatística values (807,"Ressaltos",5);         INSERT INTO EstatísticaJogador values (139206,807);
INSERT INTO Estatística values (808,"FaltasSofridas",1);    INSERT INTO EstatísticaJogador values (139206,808);
INSERT INTO Estatística values (809,"FaltasCometidas",4);   INSERT INTO EstatísticaJogador values (139206,809);
INSERT INTO Estatística values (810,"Assistências",2);      INSERT INTO EstatísticaJogador values (139206,810);
INSERT INTO Estatística values (811,"Valorização",10);       INSERT INTO EstatísticaJogador values (139206,811);
INSERT INTO Estatística values (812,"Roubos",0);            INSERT INTO EstatísticaJogador values (139206,812);
INSERT INTO Estatística values (813,"Minutos",37);           INSERT INTO EstatísticaJogador values (139206,813);
INSERT INTO Estatística values (814,"Bloqueios",2);         INSERT INTO EstatísticaJogador values (139206,814);
--stats Galitos total
INSERT INTO Estatística values (815,"Pontos",62);           INSERT INTO EstatísticaClube values (8,815);
INSERT INTO Estatística values (816,"Ressaltos",45);        INSERT INTO EstatísticaClube values (8,816);
INSERT INTO Estatística values (817,"FaltasSofridas",13);   INSERT INTO EstatísticaClube values (8,817);
INSERT INTO Estatística values (818,"FaltasCometidas",17);  INSERT INTO EstatísticaClube values (8,818);
INSERT INTO Estatística values (819,"Assistências",12);     INSERT INTO EstatísticaClube values (8,819);
INSERT INTO Estatística values (820,"Valorização",71);     INSERT INTO EstatísticaClube values (8,820);
INSERT INTO Estatística values (821,"Roubos",5);           INSERT INTO EstatísticaClube values (8,821);
INSERT INTO Estatística values (822,"Minutos",200);         INSERT INTO EstatísticaClube values (8,822);
INSERT INTO Estatística values (823,"Bloqueios",5);         INSERT INTO EstatísticaClube values (8,823);
INSERT INTO Estatística values (824,"Pontos",21);           INSERT INTO EstatísticaPontos values (824,1);
INSERT INTO Estatística values (825,"Pontos",9);           INSERT INTO EstatísticaPontos values (825,2);
INSERT INTO Estatística values (826,"Pontos",18);           INSERT INTO EstatísticaPontos values (826,3);
INSERT INTO Estatística values (827,"Pontos",14);           INSERT INTO EstatísticaPontos values (827,4);

--Jogadores Porto

INSERT INTO Jogador values(156274,"João Torrie","20-03-1991",200,"Portuguesa");
INSERT INTO Jogador values(187286,"Vladyslav Voytso","30-07-1999",200,"Portuguesa");
INSERT INTO Jogador values(235796,"Bradley Tinsley","10-05-1989",191,"Americana");
INSERT INTO Jogador values(85854,"Pedro Pinto","05-03-1988",188,"Portuguesa");
INSERT INTO Jogador values(199884,"Francisco José Ribau Amarante","24-03-2000",200,"Portuguesa");
INSERT INTO Jogador values(154371,"Miguel Tinoco Queiroz","04-07-1991",202,"Portuguesa");
INSERT INTO Jogador values(262454,"Tanner Mcgrew","12-07-1993",203,"Americana");
INSERT INTO Jogador values(157785,"João Maia","27-03-1990",202,"Portuguesa");
INSERT INTO Jogador values(268838,"Larry Gordon","18-04-1987",196,"Americana");
INSERT INTO Jogador values(271171,"Garrett Keith Nevells","26-11-1992",199,"Americana");
INSERT INTO Jogador values(268836,"Eric Lawon Anderson.Jr","15-04-1993",203,"Americana");

INSERT INTO JogadoresNoClube values (156274,6);
INSERT INTO JogadoresNoClube values (187286,6);
INSERT INTO JogadoresNoClube values (235796,6);
INSERT INTO JogadoresNoClube values (85854,6);
INSERT INTO JogadoresNoClube values (199884,6);
INSERT INTO JogadoresNoClube values (154371,6);
INSERT INTO JogadoresNoClube values (262454,6);
INSERT INTO JogadoresNoClube values (157785,6);
INSERT INTO JogadoresNoClube values (268838,6);
INSERT INTO JogadoresNoClube values (271171,6);
INSERT INTO JogadoresNoClube values (268836,6);

--stats jogadores Porto
--stats 156274
INSERT INTO Estatística values (828,"Pontos",0);            INSERT INTO EstatísticaJogador values (156274,828);
INSERT INTO Estatística values (829,"Ressaltos",0);         INSERT INTO EstatísticaJogador values (156274,829);
INSERT INTO Estatística values (830,"FaltasSofridas",0);    INSERT INTO EstatísticaJogador values (156274,830);
INSERT INTO Estatística values (831,"FaltasCometidas",0);   INSERT INTO EstatísticaJogador values (156274,831);
INSERT INTO Estatística values (832,"Assistências",0);      INSERT INTO EstatísticaJogador values (156274,832);
INSERT INTO Estatística values (833,"Valorização",0);       INSERT INTO EstatísticaJogador values (156274,833);
INSERT INTO Estatística values (834,"Roubos",0);            INSERT INTO EstatísticaJogador values (156274,834);
INSERT INTO Estatística values (835,"Minutos",0);           INSERT INTO EstatísticaJogador values (156274,835);
INSERT INTO Estatística values (836,"Bloqueios",0);         INSERT INTO EstatísticaJogador values (156274,836);
--stats 187286
INSERT INTO Estatística values (837,"Pontos",5);            INSERT INTO EstatísticaJogador values (187286,837);
INSERT INTO Estatística values (838,"Ressaltos",1);         INSERT INTO EstatísticaJogador values (187286,838);
INSERT INTO Estatística values (839,"FaltasSofridas",2);    INSERT INTO EstatísticaJogador values (187286,839);
INSERT INTO Estatística values (840,"FaltasCometidas",1);   INSERT INTO EstatísticaJogador values (187286,840);
INSERT INTO Estatística values (841,"Assistências",5);      INSERT INTO EstatísticaJogador values (187286,841);
INSERT INTO Estatística values (842,"Valorização",8);       INSERT INTO EstatísticaJogador values (187286,842);
INSERT INTO Estatística values (843,"Roubos",0);            INSERT INTO EstatísticaJogador values (187286,843);
INSERT INTO Estatística values (844,"Minutos",18);           INSERT INTO EstatísticaJogador values (187286,844);
INSERT INTO Estatística values (845,"Bloqueios",0);         INSERT INTO EstatísticaJogador values (187286,845);
--stats 235796
INSERT INTO Estatística values (846,"Pontos",7);            INSERT INTO EstatísticaJogador values (235796,846);
INSERT INTO Estatística values (847,"Ressaltos",9);         INSERT INTO EstatísticaJogador values (235796,847);
INSERT INTO Estatística values (848,"FaltasSofridas",3);    INSERT INTO EstatísticaJogador values (235796,848);
INSERT INTO Estatística values (849,"FaltasCometidas",1);   INSERT INTO EstatísticaJogador values (235796,849);
INSERT INTO Estatística values (850,"Assistências",1);      INSERT INTO EstatísticaJogador values (235796,850);
INSERT INTO Estatística values (851,"Valorização",16);       INSERT INTO EstatísticaJogador values (235796,851);
INSERT INTO Estatística values (852,"Roubos",1);            INSERT INTO EstatísticaJogador values (235796,852);
INSERT INTO Estatística values (853,"Minutos",29);           INSERT INTO EstatísticaJogador values (235796,853);
INSERT INTO Estatística values (854,"Bloqueios",0);         INSERT INTO EstatísticaJogador values (235796,854);
--stats 85854
INSERT INTO Estatística values (855,"Pontos",3);            INSERT INTO EstatísticaJogador values (85854,855);
INSERT INTO Estatística values (856,"Ressaltos",2);         INSERT INTO EstatísticaJogador values (85854,856);
INSERT INTO Estatística values (857,"FaltasSofridas",0);    INSERT INTO EstatísticaJogador values (85854,857);
INSERT INTO Estatística values (858,"FaltasCometidas",2);   INSERT INTO EstatísticaJogador values (85854,858);
INSERT INTO Estatística values (859,"Assistências",2);      INSERT INTO EstatísticaJogador values (85854,859);
INSERT INTO Estatística values (860,"Valorização",0);       INSERT INTO EstatísticaJogador values (85854,860);
INSERT INTO Estatística values (861,"Roubos",0);            INSERT INTO EstatísticaJogador values (85854,861);
INSERT INTO Estatística values (862,"Minutos",21);           INSERT INTO EstatísticaJogador values (85854,862);
INSERT INTO Estatística values (863,"Bloqueios",0);         INSERT INTO EstatísticaJogador values (85854,863);
--stats 199884
INSERT INTO Estatística values (864,"Pontos",9);            INSERT INTO EstatísticaJogador values (199884,864);
INSERT INTO Estatística values (865,"Ressaltos",0);         INSERT INTO EstatísticaJogador values (199884,865);
INSERT INTO Estatística values (866,"FaltasSofridas",3);    INSERT INTO EstatísticaJogador values (199884,866);
INSERT INTO Estatística values (867,"FaltasCometidas",2);   INSERT INTO EstatísticaJogador values (199884,867);
INSERT INTO Estatística values (868,"Assistências",7);      INSERT INTO EstatísticaJogador values (199884,868);
INSERT INTO Estatística values (869,"Valorização",13);       INSERT INTO EstatísticaJogador values (199884,869);
INSERT INTO Estatística values (870,"Roubos",1);            INSERT INTO EstatísticaJogador values (199884,870);
INSERT INTO Estatística values (871,"Minutos",32);           INSERT INTO EstatísticaJogador values (199884,871);
INSERT INTO Estatística values (872,"Bloqueios",0);         INSERT INTO EstatísticaJogador values (199884,872);
--stats 154371
INSERT INTO Estatística values (873,"Pontos",13);            INSERT INTO EstatísticaJogador values (154371,873);
INSERT INTO Estatística values (874,"Ressaltos",6);         INSERT INTO EstatísticaJogador values (154371,874);
INSERT INTO Estatística values (875,"FaltasSofridas",3);    INSERT INTO EstatísticaJogador values (154371,875);
INSERT INTO Estatística values (876,"FaltasCometidas",1);   INSERT INTO EstatísticaJogador values (154371,876);
INSERT INTO Estatística values (877,"Assistências",0);      INSERT INTO EstatísticaJogador values (154371,877);
INSERT INTO Estatística values (878,"Valorização",15);       INSERT INTO EstatísticaJogador values (154371,878);
INSERT INTO Estatística values (879,"Roubos",0);            INSERT INTO EstatísticaJogador values (154371,879);
INSERT INTO Estatística values (880,"Minutos",23);           INSERT INTO EstatísticaJogador values (154371,880);
INSERT INTO Estatística values (881,"Bloqueios",2);         INSERT INTO EstatísticaJogador values (154371,881);
--stats 262454
INSERT INTO Estatística values (882,"Pontos",0);            INSERT INTO EstatísticaJogador values (262454,882);
INSERT INTO Estatística values (883,"Ressaltos",0);         INSERT INTO EstatísticaJogador values (262454,883);
INSERT INTO Estatística values (884,"FaltasSofridas",0);    INSERT INTO EstatísticaJogador values (262454,884);
INSERT INTO Estatística values (885,"FaltasCometidas",0);   INSERT INTO EstatísticaJogador values (262454,885);
INSERT INTO Estatística values (886,"Assistências",0);      INSERT INTO EstatísticaJogador values (262454,886);
INSERT INTO Estatística values (887,"Valorização",0);       INSERT INTO EstatísticaJogador values (262454,887);
INSERT INTO Estatística values (888,"Roubos",0);            INSERT INTO EstatísticaJogador values (262454,888);
INSERT INTO Estatística values (889,"Minutos",0);           INSERT INTO EstatísticaJogador values (262454,889);
INSERT INTO Estatística values (890,"Bloqueios",0);         INSERT INTO EstatísticaJogador values (262454,890);
--stats 157785
INSERT INTO Estatística values (891,"Pontos",0);            INSERT INTO EstatísticaJogador values (157785,891);
INSERT INTO Estatística values (892,"Ressaltos",0);         INSERT INTO EstatísticaJogador values (157785,892);
INSERT INTO Estatística values (893,"FaltasSofridas",0);    INSERT INTO EstatísticaJogador values (157785,893);
INSERT INTO Estatística values (894,"FaltasCometidas",0);   INSERT INTO EstatísticaJogador values (157785,894);
INSERT INTO Estatística values (895,"Assistências",0);      INSERT INTO EstatísticaJogador values (157785,895);
INSERT INTO Estatística values (896,"Valorização",0);       INSERT INTO EstatísticaJogador values (157785,896);
INSERT INTO Estatística values (897,"Roubos",0);            INSERT INTO EstatísticaJogador values (157785,897);
INSERT INTO Estatística values (898,"Minutos",0);           INSERT INTO EstatísticaJogador values (157785,898);
INSERT INTO Estatística values (899,"Bloqueios",0);         INSERT INTO EstatísticaJogador values (157785,899);
--stats 268838
INSERT INTO Estatística values (900,"Pontos",4);            INSERT INTO EstatísticaJogador values (268838,900);
INSERT INTO Estatística values (901,"Ressaltos",3);         INSERT INTO EstatísticaJogador values (268838,901);
INSERT INTO Estatística values (902,"FaltasSofridas",2);    INSERT INTO EstatísticaJogador values (268838,902);
INSERT INTO Estatística values (903,"FaltasCometidas",0);   INSERT INTO EstatísticaJogador values (268838,903);
INSERT INTO Estatística values (904,"Assistências",1);      INSERT INTO EstatísticaJogador values (268838,904);
INSERT INTO Estatística values (905,"Valorização",4);       INSERT INTO EstatísticaJogador values (268838,905);
INSERT INTO Estatística values (906,"Roubos",4);            INSERT INTO EstatísticaJogador values (268838,906);
INSERT INTO Estatística values (907,"Minutos",19);           INSERT INTO EstatísticaJogador values (268838,907);
INSERT INTO Estatística values (908,"Bloqueios",0);         INSERT INTO EstatísticaJogador values (268838,908);
--stats 271171
INSERT INTO Estatística values (909,"Pontos",22);            INSERT INTO EstatísticaJogador values (271171,909);
INSERT INTO Estatística values (910,"Ressaltos",11);         INSERT INTO EstatísticaJogador values (271171,910);
INSERT INTO Estatística values (911,"FaltasSofridas",2);    INSERT INTO EstatísticaJogador values (271171,911);
INSERT INTO Estatística values (912,"FaltasCometidas",3);   INSERT INTO EstatísticaJogador values (271171,912);
INSERT INTO Estatística values (913,"Assistências",0);      INSERT INTO EstatísticaJogador values (271171,913);
INSERT INTO Estatística values (914,"Valorização",28);       INSERT INTO EstatísticaJogador values (271171,914);
INSERT INTO Estatística values (915,"Roubos",0);            INSERT INTO EstatísticaJogador values (271171,915);
INSERT INTO Estatística values (916,"Minutos",31);           INSERT INTO EstatísticaJogador values (271171,916);
INSERT INTO Estatística values (917,"Bloqueios",0);         INSERT INTO EstatísticaJogador values (271171,917);
--stats 268836
INSERT INTO Estatística values (918,"Pontos",10);            INSERT INTO EstatísticaJogador values (268836,918);
INSERT INTO Estatística values (919,"Ressaltos",5);         INSERT INTO EstatísticaJogador values (268836,919);
INSERT INTO Estatística values (920,"FaltasSofridas",2);    INSERT INTO EstatísticaJogador values (268836,920);
INSERT INTO Estatística values (921,"FaltasCometidas",3);   INSERT INTO EstatísticaJogador values (268836,921);
INSERT INTO Estatística values (922,"Assistências",0);      INSERT INTO EstatísticaJogador values (268836,922);
INSERT INTO Estatística values (923,"Valorização",10);       INSERT INTO EstatísticaJogador values (268836,923);
INSERT INTO Estatística values (924,"Roubos",1);            INSERT INTO EstatísticaJogador values (268836,924);
INSERT INTO Estatística values (925,"Minutos",26);           INSERT INTO EstatísticaJogador values (268836,925);
INSERT INTO Estatística values (926,"Bloqueios",0);         INSERT INTO EstatísticaJogador values (268836,926);

--stats Porto total
INSERT INTO Estatística values (936,"Pontos",73);           INSERT INTO EstatísticaClube values (6,936);
INSERT INTO Estatística values (937,"Ressaltos",39);        INSERT INTO EstatísticaClube values (6,937);
INSERT INTO Estatística values (938,"FaltasSofridas",17);   INSERT INTO EstatísticaClube values (6,938);
INSERT INTO Estatística values (939,"FaltasCometidas",13);  INSERT INTO EstatísticaClube values (6,939);
INSERT INTO Estatística values (940,"Assistências",16);     INSERT INTO EstatísticaClube values (6,940);
INSERT INTO Estatística values (941,"Valorização",94);      INSERT INTO EstatísticaClube values (6,941);
INSERT INTO Estatística values (942,"Roubos",7);           INSERT INTO EstatísticaClube values (6,942);
INSERT INTO Estatística values (943,"Minutos",200);          INSERT INTO EstatísticaClube values (6,943);
INSERT INTO Estatística values (944,"Bloqueios",2);        INSERT INTO EstatísticaClube values (6,944);
INSERT INTO Estatística values (945,"Pontos",16);           INSERT INTO EstatísticaPontos values (945,1);
INSERT INTO Estatística values (946,"Pontos",22);           INSERT INTO EstatísticaPontos values (946,2);
INSERT INTO Estatística values (947,"Pontos",15);           INSERT INTO EstatísticaPontos values (947,3);
INSERT INTO Estatística values (948,"Pontos",20);           INSERT INTO EstatísticaPontos values (948,4);

--jogo Galitos x Porto
INSERT INTO Jogo values (4,15,"17-01-2021",8,8,6);


--Árbitros Galitos x Porto
INSERT INTO Árbitro values(30,"Rui Manuel Mendonça Valente","Comissário");
INSERT INTO Árbitro values(31,"Paulo Francisco Reis Marques","Árbitro Principal");
INSERT INTO Árbitro values(32,"Nuno Alexandre Rosa Monteiro","Árbitro Auxiliar 1");
INSERT INTO Árbitro values(33,"Bruno Filipe Lopes Maciel","Árbitro Auxiliar 2");
INSERT INTO Árbitro values(34,"João Batista dos Santos Guerreiro","Marcador");
INSERT INTO Árbitro values(35,"Vanda Elisabete Silva Trindade","Marcador Auxiliar");
INSERT INTO Árbitro values(36,"Sofia Isabel Andrade Lemos Marchão","Cronometrista");
INSERT INTO Árbitro values(37,"Cátia Andreia Spranger Wellenkamp Lamy","Operador 24 segundos");

INSERT INTO ÁrbitrosnoJogo values (30,4);
INSERT INTO ÁrbitrosnoJogo values (31,4);
INSERT INTO ÁrbitrosnoJogo values (32,4);
INSERT INTO ÁrbitrosnoJogo values (33,4);
INSERT INTO ÁrbitrosnoJogo values (34,4);
INSERT INTO ÁrbitrosnoJogo values (35,4);
INSERT INTO ÁrbitrosnoJogo values (36,4);
INSERT INTO ÁrbitrosnoJogo values (37,4);

INSERT INTO EstatísticaJogo values (4,725);
INSERT INTO EstatísticaJogo values (4,726);
INSERT INTO EstatísticaJogo values (4,727);
INSERT INTO EstatísticaJogo values (4,728);
INSERT INTO EstatísticaJogo values (4,729);
INSERT INTO EstatísticaJogo values (4,730);
INSERT INTO EstatísticaJogo values (4,731);
INSERT INTO EstatísticaJogo values (4,732);
INSERT INTO EstatísticaJogo values (4,733);
INSERT INTO EstatísticaJogo values (4,734);
INSERT INTO EstatísticaJogo values (4,735);
INSERT INTO EstatísticaJogo values (4,736);
INSERT INTO EstatísticaJogo values (4,737);
INSERT INTO EstatísticaJogo values (4,738);
INSERT INTO EstatísticaJogo values (4,739);
INSERT INTO EstatísticaJogo values (4,740);
INSERT INTO EstatísticaJogo values (4,741);
INSERT INTO EstatísticaJogo values (4,742);
INSERT INTO EstatísticaJogo values (4,743);
INSERT INTO EstatísticaJogo values (4,744);
INSERT INTO EstatísticaJogo values (4,745);
INSERT INTO EstatísticaJogo values (4,746);
INSERT INTO EstatísticaJogo values (4,747);
INSERT INTO EstatísticaJogo values (4,748);
INSERT INTO EstatísticaJogo values (4,749);
INSERT INTO EstatísticaJogo values (4,750);
INSERT INTO EstatísticaJogo values (4,751);
INSERT INTO EstatísticaJogo values (4,752);
INSERT INTO EstatísticaJogo values (4,753);
INSERT INTO EstatísticaJogo values (4,754);
INSERT INTO EstatísticaJogo values (4,755);
INSERT INTO EstatísticaJogo values (4,756);
INSERT INTO EstatísticaJogo values (4,757);
INSERT INTO EstatísticaJogo values (4,758);
INSERT INTO EstatísticaJogo values (4,759);
INSERT INTO EstatísticaJogo values (4,760);
INSERT INTO EstatísticaJogo values (4,761);
INSERT INTO EstatísticaJogo values (4,762);
INSERT INTO EstatísticaJogo values (4,763);
INSERT INTO EstatísticaJogo values (4,764);
INSERT INTO EstatísticaJogo values (4,765);
INSERT INTO EstatísticaJogo values (4,766);
INSERT INTO EstatísticaJogo values (4,767);
INSERT INTO EstatísticaJogo values (4,768);
INSERT INTO EstatísticaJogo values (4,769);
INSERT INTO EstatísticaJogo values (4,770);
INSERT INTO EstatísticaJogo values (4,771);
INSERT INTO EstatísticaJogo values (4,772);
INSERT INTO EstatísticaJogo values (4,773);
INSERT INTO EstatísticaJogo values (4,774);
INSERT INTO EstatísticaJogo values (4,775);
INSERT INTO EstatísticaJogo values (4,776);
INSERT INTO EstatísticaJogo values (4,777);
INSERT INTO EstatísticaJogo values (4,778);
INSERT INTO EstatísticaJogo values (4,779);
INSERT INTO EstatísticaJogo values (4,780);
INSERT INTO EstatísticaJogo values (4,781);
INSERT INTO EstatísticaJogo values (4,782);
INSERT INTO EstatísticaJogo values (4,783);
INSERT INTO EstatísticaJogo values (4,784);
INSERT INTO EstatísticaJogo values (4,785);
INSERT INTO EstatísticaJogo values (4,786);
INSERT INTO EstatísticaJogo values (4,787);
INSERT INTO EstatísticaJogo values (4,788);
INSERT INTO EstatísticaJogo values (4,789);
INSERT INTO EstatísticaJogo values (4,790);
INSERT INTO EstatísticaJogo values (4,791);
INSERT INTO EstatísticaJogo values (4,792);
INSERT INTO EstatísticaJogo values (4,793);
INSERT INTO EstatísticaJogo values (4,794);
INSERT INTO EstatísticaJogo values (4,795);
INSERT INTO EstatísticaJogo values (4,796);
INSERT INTO EstatísticaJogo values (4,797);
INSERT INTO EstatísticaJogo values (4,798);
INSERT INTO EstatísticaJogo values (4,799);
INSERT INTO EstatísticaJogo values (4,800);
INSERT INTO EstatísticaJogo values (4,801);
INSERT INTO EstatísticaJogo values (4,802);
INSERT INTO EstatísticaJogo values (4,803);
INSERT INTO EstatísticaJogo values (4,804);
INSERT INTO EstatísticaJogo values (4,805);
INSERT INTO EstatísticaJogo values (4,806);
INSERT INTO EstatísticaJogo values (4,807);
INSERT INTO EstatísticaJogo values (4,808);
INSERT INTO EstatísticaJogo values (4,809);
INSERT INTO EstatísticaJogo values (4,810);
INSERT INTO EstatísticaJogo values (4,811);
INSERT INTO EstatísticaJogo values (4,812);
INSERT INTO EstatísticaJogo values (4,813);
INSERT INTO EstatísticaJogo values (4,814);
INSERT INTO EstatísticaJogo values (4,815);
INSERT INTO EstatísticaJogo values (4,816);
INSERT INTO EstatísticaJogo values (4,817);
INSERT INTO EstatísticaJogo values (4,818);
INSERT INTO EstatísticaJogo values (4,819);
INSERT INTO EstatísticaJogo values (4,820);
INSERT INTO EstatísticaJogo values (4,821);
INSERT INTO EstatísticaJogo values (4,822);
INSERT INTO EstatísticaJogo values (4,823);
INSERT INTO EstatísticaJogo values (4,824);
INSERT INTO EstatísticaJogo values (4,825);
INSERT INTO EstatísticaJogo values (4,826);
INSERT INTO EstatísticaJogo values (4,827);
INSERT INTO EstatísticaJogo values (4,828);
INSERT INTO EstatísticaJogo values (4,829);
INSERT INTO EstatísticaJogo values (4,830);
INSERT INTO EstatísticaJogo values (4,831);
INSERT INTO EstatísticaJogo values (4,832);
INSERT INTO EstatísticaJogo values (4,833);
INSERT INTO EstatísticaJogo values (4,834);
INSERT INTO EstatísticaJogo values (4,835);
INSERT INTO EstatísticaJogo values (4,836);
INSERT INTO EstatísticaJogo values (4,837);
INSERT INTO EstatísticaJogo values (4,838);
INSERT INTO EstatísticaJogo values (4,839);
INSERT INTO EstatísticaJogo values (4,840);
INSERT INTO EstatísticaJogo values (4,841);
INSERT INTO EstatísticaJogo values (4,842);
INSERT INTO EstatísticaJogo values (4,843);
INSERT INTO EstatísticaJogo values (4,844);
INSERT INTO EstatísticaJogo values (4,845);
INSERT INTO EstatísticaJogo values (4,846);
INSERT INTO EstatísticaJogo values (4,847);
INSERT INTO EstatísticaJogo values (4,848);
INSERT INTO EstatísticaJogo values (4,849);
INSERT INTO EstatísticaJogo values (4,850);
INSERT INTO EstatísticaJogo values (4,851);
INSERT INTO EstatísticaJogo values (4,852);
INSERT INTO EstatísticaJogo values (4,853);
INSERT INTO EstatísticaJogo values (4,854);
INSERT INTO EstatísticaJogo values (4,855);
INSERT INTO EstatísticaJogo values (4,856);
INSERT INTO EstatísticaJogo values (4,857);
INSERT INTO EstatísticaJogo values (4,858);
INSERT INTO EstatísticaJogo values (4,859);
INSERT INTO EstatísticaJogo values (4,860);
INSERT INTO EstatísticaJogo values (4,861);
INSERT INTO EstatísticaJogo values (4,862);
INSERT INTO EstatísticaJogo values (4,863);
INSERT INTO EstatísticaJogo values (4,864);
INSERT INTO EstatísticaJogo values (4,865);
INSERT INTO EstatísticaJogo values (4,866);
INSERT INTO EstatísticaJogo values (4,867);
INSERT INTO EstatísticaJogo values (4,868);
INSERT INTO EstatísticaJogo values (4,869);
INSERT INTO EstatísticaJogo values (4,870);
INSERT INTO EstatísticaJogo values (4,871);
INSERT INTO EstatísticaJogo values (4,872);
INSERT INTO EstatísticaJogo values (4,873);
INSERT INTO EstatísticaJogo values (4,874);
INSERT INTO EstatísticaJogo values (4,875);
INSERT INTO EstatísticaJogo values (4,876);
INSERT INTO EstatísticaJogo values (4,877);
INSERT INTO EstatísticaJogo values (4,878);
INSERT INTO EstatísticaJogo values (4,879);
INSERT INTO EstatísticaJogo values (4,880);
INSERT INTO EstatísticaJogo values (4,881);
INSERT INTO EstatísticaJogo values (4,882);
INSERT INTO EstatísticaJogo values (4,883);
INSERT INTO EstatísticaJogo values (4,884);
INSERT INTO EstatísticaJogo values (4,885);
INSERT INTO EstatísticaJogo values (4,886);
INSERT INTO EstatísticaJogo values (4,887);
INSERT INTO EstatísticaJogo values (4,888);
INSERT INTO EstatísticaJogo values (4,889);
INSERT INTO EstatísticaJogo values (4,890);
INSERT INTO EstatísticaJogo values (4,891);
INSERT INTO EstatísticaJogo values (4,892);
INSERT INTO EstatísticaJogo values (4,893);
INSERT INTO EstatísticaJogo values (4,894);
INSERT INTO EstatísticaJogo values (4,895);
INSERT INTO EstatísticaJogo values (4,896);
INSERT INTO EstatísticaJogo values (4,897);
INSERT INTO EstatísticaJogo values (4,898);
INSERT INTO EstatísticaJogo values (4,899);
INSERT INTO EstatísticaJogo values (4,900);
INSERT INTO EstatísticaJogo values (4,901);
INSERT INTO EstatísticaJogo values (4,902);
INSERT INTO EstatísticaJogo values (4,903);
INSERT INTO EstatísticaJogo values (4,904);
INSERT INTO EstatísticaJogo values (4,905);
INSERT INTO EstatísticaJogo values (4,906);
INSERT INTO EstatísticaJogo values (4,907);
INSERT INTO EstatísticaJogo values (4,908);
INSERT INTO EstatísticaJogo values (4,909);
INSERT INTO EstatísticaJogo values (4,910);
INSERT INTO EstatísticaJogo values (4,911);
INSERT INTO EstatísticaJogo values (4,912);
INSERT INTO EstatísticaJogo values (4,913);
INSERT INTO EstatísticaJogo values (4,914);
INSERT INTO EstatísticaJogo values (4,915);
INSERT INTO EstatísticaJogo values (4,916);
INSERT INTO EstatísticaJogo values (4,917);
INSERT INTO EstatísticaJogo values (4,918);
INSERT INTO EstatísticaJogo values (4,919);
INSERT INTO EstatísticaJogo values (4,920);
INSERT INTO EstatísticaJogo values (4,921);
INSERT INTO EstatísticaJogo values (4,922);
INSERT INTO EstatísticaJogo values (4,923);
INSERT INTO EstatísticaJogo values (4,924);
INSERT INTO EstatísticaJogo values (4,925);
INSERT INTO EstatísticaJogo values (4,926);
INSERT INTO EstatísticaJogo values (4,936);
INSERT INTO EstatísticaJogo values (4,937);
INSERT INTO EstatísticaJogo values (4,938);
INSERT INTO EstatísticaJogo values (4,939);
INSERT INTO EstatísticaJogo values (4,940);
INSERT INTO EstatísticaJogo values (4,941);
INSERT INTO EstatísticaJogo values (4,942);
INSERT INTO EstatísticaJogo values (4,943);
INSERT INTO EstatísticaJogo values (4,944);
INSERT INTO EstatísticaJogo values (4,945);
INSERT INTO EstatísticaJogo values (4,946);
INSERT INTO EstatísticaJogo values (4,947);
INSERT INTO EstatísticaJogo values (4,948);

--subs jogo Galitos x Porto
INSERT INTO Estatística values (950,"Substituição",5); INSERT INTO EstatísticaSubstituição values (950, 256103, 171229);
INSERT INTO Estatística values (951,"Substituição",8); INSERT INTO EstatísticaSubstituição values (951, 268939, 125975);
INSERT INTO Estatística values (952,"Substituição",19); INSERT INTO EstatísticaSubstituição values (952, 167835, 130786);
INSERT INTO Estatística values (953,"Substituição",19); INSERT INTO EstatísticaSubstituição values (953, 139206, 256103);
INSERT INTO Estatística values (954,"Substituição",22); INSERT INTO EstatísticaSubstituição values (954, 256103, 269137);
INSERT INTO Estatística values (955,"Substituição",27);  INSERT INTO EstatísticaSubstituição values (955, 269137, 139206);
INSERT INTO Estatística values (956,"Substituição",35); INSERT INTO EstatísticaSubstituição values (956, 264838, 124572);
INSERT INTO Estatística values (957,"Substituição",39); INSERT INTO EstatísticaSubstituição values (957, 269137, 256103);

INSERT INTO EstatísticaJogo values (4,950);
INSERT INTO EstatísticaJogo values (4,951);
INSERT INTO EstatísticaJogo values (4,952);
INSERT INTO EstatísticaJogo values (4,953);
INSERT INTO EstatísticaJogo values (4,954);
INSERT INTO EstatísticaJogo values (4,955);
INSERT INTO EstatísticaJogo values (4,956);
INSERT INTO EstatísticaJogo values (4,957);


--Árbitros EsgueiraxLusitânia
INSERT INTO Árbitro values(40,"Rui José Loureiro Belo","Comissário");
INSERT INTO Árbitro values(41,"Nuno Alexandre Rosa Monteiro","Árbitro Principal");
INSERT INTO Árbitro values(42,"Pedro Filipe Rente de Carvalho Lourenço","Árbitro Auxiliar 1");
INSERT INTO Árbitro values(43,"Sérgio José Marques Salgueiro Adegas","Árbitro Auxiliar 2");
INSERT INTO Árbitro values(44,"Sara Sofia Castro Martins Pereira","Marcador");
INSERT INTO Árbitro values(45,"Marisa Campos Gonçalves","Marcador Auxiliar");
INSERT INTO Árbitro values(46,"Olga Matos das Neves Sucena","Cronometrista");
INSERT INTO Árbitro values(47,"Pedro Miguel Silva Caseiro","Operador 24 segundos");
--Jogadores Esgueira
INSERT INTO Jogador values (268908,"James Cowherdjr","08-02-1997",183,"Americana");
INSERT INTO Jogador values (268905,"Benjamin Drake","24-05-1997",203,"Americana");
INSERT INTO Jogador values (198303,"André Rodrigues","12-12-2002",193,"Portuguesa");
INSERT INTO Jogador values (268904,"Kareem Brewton","26-12-1995",190,"Americana");
INSERT INTO Jogador values (185917,"João Guerreiro","11-02-2000",191,"Portuguesa");
INSERT INTO Jogador values (193456,"Gonçalo Madureira","22-05-1998",182,"Portuguesa");
INSERT INTO Jogador values (269329,"Seydougou Santis","05-19-1997",206,"Americana");
INSERT INTO Jogador values (201342,"Henrique Barros","02-03-1999",191,"Portuguesa");
INSERT INTO Jogador values (192728,"Gustavo Teixeira","26-07-2000",187,"Portuguesa");
INSERT INTO Jogador values (268903,"Aaron Bowen","23-09-1991",198,"Americana");

INSERT INTO JogadoresNoClube values (268908,24);
INSERT INTO JogadoresNoClube values (268905,24);
INSERT INTO JogadoresNoClube values (198303,24);
INSERT INTO JogadoresNoClube values (268904,24);
INSERT INTO JogadoresNoClube values (185917,24);
INSERT INTO JogadoresNoClube values (193456,24);
INSERT INTO JogadoresNoClube values (269329,24);
INSERT INTO JogadoresNoClube values (201342,24);
INSERT INTO JogadoresNoClube values (192728,24);
INSERT INTO JogadoresNoClube values (268903,24);
--Estatística 268908
INSERT INTO Estatística values (1001,"Pontos",0); INSERT INTO EstatísticaJogador values (268908,1001);
INSERT INTO Estatística values (1002,"Ressaltos",2); INSERT INTO EstatísticaJogador values (268908,1002);
INSERT INTO Estatística values (1003,"FaltasSofridas",3); INSERT INTO EstatísticaJogador values (268908,1003);
INSERT INTO Estatística values (1004,"FaltasCometidas",1); INSERT INTO EstatísticaJogador values (268908,1004);
INSERT INTO Estatística values (1005,"Assistências",2); INSERT INTO EstatísticaJogador values (268908,1005);
INSERT INTO Estatística values (1006,"Valorização",0); INSERT INTO EstatísticaJogador values (268908,1006);
INSERT INTO Estatística values (1007,"Roubos",0); INSERT INTO EstatísticaJogador values (268908,1007);
INSERT INTO Estatística values (1008,"Minutos",19); INSERT INTO EstatísticaJogador values (268908,1008);
INSERT INTO Estatística values (1009,"Bloqueios",0); INSERT INTO EstatísticaJogador values (268908,1009);
--Estatística 286905
INSERT INTO Estatística values (1010,"Pontos",12); INSERT INTO EstatísticaJogador values (268905,1010);
INSERT INTO Estatística values (1011,"Ressaltos",6); INSERT INTO EstatísticaJogador values (268905,1011);
INSERT INTO Estatística values (1012,"FaltasSofridas",1); INSERT INTO EstatísticaJogador values (268905,1012);
INSERT INTO Estatística values (1013,"FaltasCometidas",4); INSERT INTO EstatísticaJogador values (268905,1013);
INSERT INTO Estatística values (1014,"Assistências",0); INSERT INTO EstatísticaJogador values (268905,1014);
INSERT INTO Estatística values (1015,"Valorização",16); INSERT INTO EstatísticaJogador values (268905,1015);
INSERT INTO Estatística values (1016,"Roubos",0); INSERT INTO EstatísticaJogador values (268905,1016);
INSERT INTO Estatística values (1017,"Minutos",30); INSERT INTO EstatísticaJogador values (268905,1017);
INSERT INTO Estatística values (1018,"Bloqueios",3); INSERT INTO EstatísticaJogador values (268905,1018);
--Estatística 198303
INSERT INTO Estatística values (1019,"Pontos",0); INSERT INTO EstatísticaJogador values (198303,1019);
INSERT INTO Estatística values (1020,"Ressaltos",0); INSERT INTO EstatísticaJogador values (198303,1020);
INSERT INTO Estatística values (1021,"FaltasSofridas",0); INSERT INTO EstatísticaJogador values (198303,1021);
INSERT INTO Estatística values (1022,"FaltasCometidas",0); INSERT INTO EstatísticaJogador values (198303,1022);
INSERT INTO Estatística values (1023,"Assistências",0); INSERT INTO EstatísticaJogador values (198303,1023);
INSERT INTO Estatística values (1024,"Valorização",0); INSERT INTO EstatísticaJogador values (198303,1024);
INSERT INTO Estatística values (1025,"Roubos",0); INSERT INTO EstatísticaJogador values (198303,1025);
INSERT INTO Estatística values (1026,"Minutos",0); INSERT INTO EstatísticaJogador values (198303,1026);
INSERT INTO Estatística values (1027,"Bloqueios",0); INSERT INTO EstatísticaJogador values (198303,1027);
--Estatística 268904
INSERT INTO Estatística values (1028,"Pontos",11); INSERT INTO EstatísticaJogador values (268904,1028);
INSERT INTO Estatística values (1029,"Ressaltos",3); INSERT INTO EstatísticaJogador values (268904,1029);
INSERT INTO Estatística values (1030,"FaltasSofridas",2); INSERT INTO EstatísticaJogador values (268904,1030);
INSERT INTO Estatística values (1031,"FaltasCometidas",1); INSERT INTO EstatísticaJogador values (268904,1031);
INSERT INTO Estatística values (1032,"Assistências",2); INSERT INTO EstatísticaJogador values (268904,1032);
INSERT INTO Estatística values (1033,"Valorização",7); INSERT INTO EstatísticaJogador values (268904,1033);
INSERT INTO Estatística values (1034,"Roubos",2); INSERT INTO EstatísticaJogador values (268904,1034);
INSERT INTO Estatística values (1035,"Minutos",27); INSERT INTO EstatísticaJogador values (268904,1035);
INSERT INTO Estatística values (1036,"Bloqueios",5); INSERT INTO EstatísticaJogador values (268904,1036);
--Estatística 185917
INSERT INTO Estatística values (1037,"Pontos",5); INSERT INTO EstatísticaJogador values (185917,1037);
INSERT INTO Estatística values (1038,"Ressaltos",1); INSERT INTO EstatísticaJogador values (185917,1038);
INSERT INTO Estatística values (1039,"FaltasSofridas",0); INSERT INTO EstatísticaJogador values (185917,1039);
INSERT INTO Estatística values (1040,"FaltasCometidas",0); INSERT INTO EstatísticaJogador values (185917,1040);
INSERT INTO Estatística values (1041,"Assistências",0); INSERT INTO EstatísticaJogador values (185917,1041);
INSERT INTO Estatística values (1042,"Valorização",5); INSERT INTO EstatísticaJogador values (185917,1042);
INSERT INTO Estatística values (1043,"Roubos",0); INSERT INTO EstatísticaJogador values (185917,1043);
INSERT INTO Estatística values (1044,"Minutos",13); INSERT INTO EstatísticaJogador values (185917,1044);
INSERT INTO Estatística values (1045,"Bloqueios",0); INSERT INTO EstatísticaJogador values (185917,1045);
--Estatística 193456
INSERT INTO Estatística values (1046,"Pontos",3); INSERT INTO EstatísticaJogador values (193456,1046);
INSERT INTO Estatística values (1047,"Ressaltos",0); INSERT INTO EstatísticaJogador values (193456,1047);
INSERT INTO Estatística values (1048,"FaltasSofridas",0); INSERT INTO EstatísticaJogador values (193456,1048);
INSERT INTO Estatística values (1049,"FaltasCometidas",0); INSERT INTO EstatísticaJogador values (193456,1049);
INSERT INTO Estatística values (1050,"Assistências",1); INSERT INTO EstatísticaJogador values (193456,1050);
INSERT INTO Estatística values (1051,"Valorização",3); INSERT INTO EstatísticaJogador values (193456,1051);
INSERT INTO Estatística values (1052,"Roubos",0); INSERT INTO EstatísticaJogador values (193456,1052);
INSERT INTO Estatística values (1053,"Minutos",7); INSERT INTO EstatísticaJogador values (193456,1053);
INSERT INTO Estatística values (1054,"Bloqueios",0); INSERT INTO EstatísticaJogador values (193456,1054);
--Estatística 269329
INSERT INTO Estatística values (1055,"Pontos",9); INSERT INTO EstatísticaJogador values (269329,1055);
INSERT INTO Estatística values (1056,"Ressaltos",8); INSERT INTO EstatísticaJogador values (269329,1056);
INSERT INTO Estatística values (1057,"FaltasSofridas",3); INSERT INTO EstatísticaJogador values (269329,1057);
INSERT INTO Estatística values (1058,"FaltasCometidas",0); INSERT INTO EstatísticaJogador values (269329,1058);
INSERT INTO Estatística values (1059,"Assistências",2); INSERT INTO EstatísticaJogador values (269329,1059);
INSERT INTO Estatística values (1060,"Valorização",10); INSERT INTO EstatísticaJogador values (269329,1060);
INSERT INTO Estatística values (1061,"Roubos",1); INSERT INTO EstatísticaJogador values (269329,1061);
INSERT INTO Estatística values (1062,"Minutos",39); INSERT INTO EstatísticaJogador values (269329,1062);
INSERT INTO Estatística values (1063,"Bloqueios",1); INSERT INTO EstatísticaJogador values (269329,1063);
--Estatística 201342
INSERT INTO Estatística values (1064,"Pontos",4); INSERT INTO EstatísticaJogador values (201342,1064);
INSERT INTO Estatística values (1065,"Ressaltos",1); INSERT INTO EstatísticaJogador values (201342,1065);
INSERT INTO Estatística values (1066,"FaltasSofridas",1); INSERT INTO EstatísticaJogador values (201342,1066);
INSERT INTO Estatística values (1067,"FaltasCometidas",0); INSERT INTO EstatísticaJogador values (201342,1067);
INSERT INTO Estatística values (1068,"Assistências",0); INSERT INTO EstatísticaJogador values (201342,1068);
INSERT INTO Estatística values (1069,"Valorização",6); INSERT INTO EstatísticaJogador values (201342,1069);
INSERT INTO Estatística values (1070,"Roubos",0); INSERT INTO EstatísticaJogador values (201342,1070);
INSERT INTO Estatística values (1071,"Minutos",11); INSERT INTO EstatísticaJogador values (201342,1071);
INSERT INTO Estatística values (1072,"Bloqueios",1); INSERT INTO EstatísticaJogador values (201342,1072);
--Estatística 192728
INSERT INTO Estatística values (1073,"Pontos",9); INSERT INTO EstatísticaJogador values (192728,1073);
INSERT INTO Estatística values (1074,"Ressaltos",1); INSERT INTO EstatísticaJogador values (192728,1074);
INSERT INTO Estatística values (1075,"FaltasSofridas",2); INSERT INTO EstatísticaJogador values (192728,1075);
INSERT INTO Estatística values (1076,"FaltasCometidas",1); INSERT INTO EstatísticaJogador values (192728,1076);
INSERT INTO Estatística values (1077,"Assistências",0); INSERT INTO EstatísticaJogador values (192728,1077);
INSERT INTO Estatística values (1078,"Valorização",9); INSERT INTO EstatísticaJogador values (192728,1078);
INSERT INTO Estatística values (1079,"Roubos",0); INSERT INTO EstatísticaJogador values (192728,1079);
INSERT INTO Estatística values (1080,"Minutos",21); INSERT INTO EstatísticaJogador values (192728,1080);
INSERT INTO Estatística values (1081,"Bloqueios",0); INSERT INTO EstatísticaJogador values (192728,1081);
--Estatística 268903
INSERT INTO Estatística values (1082,"Pontos",12); INSERT INTO EstatísticaJogador values (268903,1082);
INSERT INTO Estatística values (1083,"Ressaltos",4); INSERT INTO EstatísticaJogador values (268903,1083);
INSERT INTO Estatística values (1084,"FaltasSofridas",1); INSERT INTO EstatísticaJogador values (268903,1084);
INSERT INTO Estatística values (1085,"FaltasCometidas",4); INSERT INTO EstatísticaJogador values (268903,1085);
INSERT INTO Estatística values (1086,"Assistências",0); INSERT INTO EstatísticaJogador values (268903,1086);
INSERT INTO Estatística values (1087,"Valorização",14); INSERT INTO EstatísticaJogador values (268903,1087);
INSERT INTO Estatística values (1088,"Roubos",4); INSERT INTO EstatísticaJogador values (268903,1088);
INSERT INTO Estatística values (1089,"Minutos",33); INSERT INTO EstatísticaJogador values (268903,1089);
INSERT INTO Estatística values (1090,"Bloqueios",0); INSERT INTO EstatísticaJogador values (268903,1090);
--Estatística Esgueira
INSERT INTO Estatística values (1109,"Pontos",65); INSERT INTO EstatísticaClube values (24,1109);
INSERT INTO Estatística values (1110,"Ressaltos",31); INSERT INTO EstatísticaClube values (24,1110);
INSERT INTO Estatística values (1111,"FaltasSofridas",13); INSERT INTO EstatísticaClube values (24,1111);
INSERT INTO Estatística values (1112,"FaltasCometidas",11); INSERT INTO EstatísticaClube values (24,1112);
INSERT INTO Estatística values (1113,"Assistências",11); INSERT INTO EstatísticaClube values (24,1113);
INSERT INTO Estatística values (1114,"Valorização",69); INSERT INTO EstatísticaClube values (24,1114);
INSERT INTO Estatística values (1115,"Roubos",7); INSERT INTO EstatísticaClube values (24,1115);
INSERT INTO Estatística values (1116,"Minutos",200); INSERT INTO EstatísticaClube values (24,1116);
INSERT INTO Estatística values (1117,"Bloqueios",5); INSERT INTO EstatísticaClube values (24,1117);
INSERT INTO Estatística values (1236,"Pontos",16); INSERT INTO EstatísticaPontos values (1236,1);
INSERT INTO Estatística values (1237,"Pontos",15); INSERT INTO EstatísticaPontos values (1237,2);
INSERT INTO Estatística values (1238,"Pontos",12); INSERT INTO EstatísticaPontos values (1238,3);
INSERT INTO Estatística values (1239,"Pontos",22); INSERT INTO EstatísticaPontos values (1239,4);

--Jogadores Lusitânia
INSERT INTO Jogador values (262514,"Montell Goodwin","04-09-1995",188,"Americana");
INSERT INTO Jogador values (268844,"Rasaq Yussuf","02-05-1996",201,"Americana");
INSERT INTO Jogador values (268843,"Render Woods","20-08-1995",180,"Americana");
INSERT INTO Jogador values (114816,"Joaquim Pires","14-03-1987",191,"Portuguesa");
INSERT INTO Jogador values (210805,"Erickson Silva","04-04-1993",192,"Angolana");
INSERT INTO Jogador values (232792,"Keven Gomes","29-10-1995",204,"Portuguesa");
INSERT INTO Jogador values (166980,"João Teixeira","23-09-1995",186,"Portuguesa");
INSERT INTO Jogador values (268842,"Kyle Mallers","15-10-1997",200,"Americana");
INSERT INTO Jogador values (191364,"Fernando Ferreira","10-11-1994",198,"Portuguesa");
INSERT INTO Jogador values (150441,"Sérgio Silva","05-03-1996",195,"Portuguesa");
INSERT INTO Jogador values (262469,"Christopher Davenport","22-11-1994",203,"Americana");

INSERT INTO JogadoresNoClube values (262514,33);
INSERT INTO JogadoresNoClube values (268844,33);
INSERT INTO JogadoresNoClube values (268843,33);
INSERT INTO JogadoresNoClube values (114816,33);
INSERT INTO JogadoresNoClube values (210805,33);
INSERT INTO JogadoresNoClube values (232792,33);
INSERT INTO JogadoresNoClube values (166980,33);
INSERT INTO JogadoresNoClube values (268842,33);
INSERT INTO JogadoresNoClube values (191364,33);
INSERT INTO JogadoresNoClube values (150441,33);
INSERT INTO JogadoresNoClube values (262469,33);
--Estatística 262514
INSERT INTO Estatística values (1118,"Pontos",8); INSERT INTO EstatísticaJogador values (262514,1118);
INSERT INTO Estatística values (1119,"Ressaltos",6); INSERT INTO EstatísticaJogador values (262514,1119);
INSERT INTO Estatística values (1120,"FaltasSofridas",2); INSERT INTO EstatísticaJogador values (262514,1120);
INSERT INTO Estatística values (1121,"FaltasCometidas",2); INSERT INTO EstatísticaJogador values (262514,1121);
INSERT INTO Estatística values (1122,"Assistências",1); INSERT INTO EstatísticaJogador values (262514,1122);
INSERT INTO Estatística values (1123,"Valorização",11); INSERT INTO EstatísticaJogador values (262514,1123);
INSERT INTO Estatística values (1124,"Roubos",1); INSERT INTO EstatísticaJogador values (262514,1124);
INSERT INTO Estatística values (1125,"Minutos",32); INSERT INTO EstatísticaJogador values (262514,1125);
INSERT INTO Estatística values (1126,"Bloqueios",0); INSERT INTO EstatísticaJogador values (262514,1126);
--Estatística 268844
INSERT INTO Estatística values (1127,"Pontos",20); INSERT INTO EstatísticaJogador values (268844,1127);
INSERT INTO Estatística values (1128,"Ressaltos",10); INSERT INTO EstatísticaJogador values (268844,1128);
INSERT INTO Estatística values (1129,"FaltasSofridas",4); INSERT INTO EstatísticaJogador values (268844,1129);
INSERT INTO Estatística values (1130,"FaltasCometidas",2); INSERT INTO EstatísticaJogador values (268844,1130);
INSERT INTO Estatística values (1131,"Assistências",6); INSERT INTO EstatísticaJogador values (268844,1131);
INSERT INTO Estatística values (1132,"Valorização",31); INSERT INTO EstatísticaJogador values (268844,1132);
INSERT INTO Estatística values (1133,"Roubos",1); INSERT INTO EstatísticaJogador values (268844,1133);
INSERT INTO Estatística values (1134,"Minutos",34); INSERT INTO EstatísticaJogador values (268844,1134);
INSERT INTO Estatística values (1135,"Bloqueios",0); INSERT INTO EstatísticaJogador values (268844,1135);
--Estatística 268843
INSERT INTO Estatística values (1136,"Pontos",8); INSERT INTO EstatísticaJogador values (268843,1136);
INSERT INTO Estatística values (1137,"Ressaltos",4); INSERT INTO EstatísticaJogador values (268843,1137);
INSERT INTO Estatística values (1138,"FaltasSofridas",1); INSERT INTO EstatísticaJogador values (268843,1138);
INSERT INTO Estatística values (1139,"FaltasCometidas",0); INSERT INTO EstatísticaJogador values (268843,1139);
INSERT INTO Estatística values (1140,"Assistências",3); INSERT INTO EstatísticaJogador values (268843,1140);
INSERT INTO Estatística values (1141,"Valorização",7); INSERT INTO EstatísticaJogador values (268843,1141);
INSERT INTO Estatística values (1142,"Roubos",1); INSERT INTO EstatísticaJogador values (268843,1142);
INSERT INTO Estatística values (1143,"Minutos",29); INSERT INTO EstatísticaJogador values (268843,1143);
INSERT INTO Estatística values (1144,"Bloqueios",0); INSERT INTO EstatísticaJogador values (268843,1144);
--Estatística 114816
INSERT INTO Estatística values (1145,"Pontos",0); INSERT INTO EstatísticaJogador values (114816,1145);
INSERT INTO Estatística values (1146,"Ressaltos",0); INSERT INTO EstatísticaJogador values (114816,1146);
INSERT INTO Estatística values (1147,"FaltasSofridas",0); INSERT INTO EstatísticaJogador values (114816,1147);
INSERT INTO Estatística values (1148,"FaltasCometidas",0); INSERT INTO EstatísticaJogador values (114816,1148);
INSERT INTO Estatística values (1149,"Assistências",0); INSERT INTO EstatísticaJogador values (114816,1149);
INSERT INTO Estatística values (1150,"Valorização",0); INSERT INTO EstatísticaJogador values (114816,1150);
INSERT INTO Estatística values (1151,"Roubos",0); INSERT INTO EstatísticaJogador values (114816,1151);
INSERT INTO Estatística values (1152,"Minutos",0); INSERT INTO EstatísticaJogador values (114816,1152);
INSERT INTO Estatística values (1153,"Bloqueios",0); INSERT INTO EstatísticaJogador values (114816,1153);
--Estatística 210805
INSERT INTO Estatística values (1154,"Pontos",0); INSERT INTO EstatísticaJogador values (210805,1154);
INSERT INTO Estatística values (1155,"Ressaltos",0); INSERT INTO EstatísticaJogador values (210805,1155);
INSERT INTO Estatística values (1156,"FaltasSofridas",0); INSERT INTO EstatísticaJogador values (210805,1156);
INSERT INTO Estatística values (1157,"FaltasCometidas",1); INSERT INTO EstatísticaJogador values (210805,1157);
INSERT INTO Estatística values (1158,"Assistências",0); INSERT INTO EstatísticaJogador values (210805,1158);
INSERT INTO Estatística values (1159,"Valorização",0); INSERT INTO EstatísticaJogador values (210805,1159);
INSERT INTO Estatística values (1160,"Roubos",0); INSERT INTO EstatísticaJogador values (210805,1160);
INSERT INTO Estatística values (1161,"Minutos",4); INSERT INTO EstatísticaJogador values (210805,1161);
INSERT INTO Estatística values (1162,"Bloqueios",0); INSERT INTO EstatísticaJogador values (210805,1162);
--Estatística 232792
INSERT INTO Estatística values (1163,"Pontos",4); INSERT INTO EstatísticaJogador values (232792,1163);
INSERT INTO Estatística values (1164,"Ressaltos",10); INSERT INTO EstatísticaJogador values (232792,1164);
INSERT INTO Estatística values (1165,"FaltasSofridas",0); INSERT INTO EstatísticaJogador values (232792,1165);
INSERT INTO Estatística values (1166,"FaltasCometidas",3); INSERT INTO EstatísticaJogador values (232792,1166);
INSERT INTO Estatística values (1167,"Assistências",0); INSERT INTO EstatísticaJogador values (232792,1167);
INSERT INTO Estatística values (1168,"Valorização",10); INSERT INTO EstatísticaJogador values (232792,1168);
INSERT INTO Estatística values (1169,"Roubos",1); INSERT INTO EstatísticaJogador values (232792,1169);
INSERT INTO Estatística values (1170,"Minutos",22); INSERT INTO EstatísticaJogador values (232792,1170);
INSERT INTO Estatística values (1171,"Bloqueios",0); INSERT INTO EstatísticaJogador values (232792,1171);
--Estatística 166980
INSERT INTO Estatística values (1172,"Pontos",0); INSERT INTO EstatísticaJogador values (166980,1172);
INSERT INTO Estatística values (1173,"Ressaltos",1); INSERT INTO EstatísticaJogador values (166980,1173);
INSERT INTO Estatística values (1174,"FaltasSofridas",0); INSERT INTO EstatísticaJogador values (166980,1174);
INSERT INTO Estatística values (1175,"FaltasCometidas",0); INSERT INTO EstatísticaJogador values (166980,1175);
INSERT INTO Estatística values (1176,"Assistências",0); INSERT INTO EstatísticaJogador values (166980,1176);
INSERT INTO Estatística values (1177,"Valorização",1); INSERT INTO EstatísticaJogador values (166980,1177);
INSERT INTO Estatística values (1178,"Roubos",0); INSERT INTO EstatísticaJogador values (166980,1178);
INSERT INTO Estatística values (1179,"Minutos",1); INSERT INTO EstatísticaJogador values (166980,1179);
INSERT INTO Estatística values (1180,"Bloqueios",0); INSERT INTO EstatísticaJogador values (166980,1180);
--Estatística 268842
INSERT INTO Estatística values (1181,"Pontos",15); INSERT INTO EstatísticaJogador values (268842,1181);
INSERT INTO Estatística values (1182,"Ressaltos",3); INSERT INTO EstatísticaJogador values (268842,1182);
INSERT INTO Estatística values (1183,"FaltasSofridas",3); INSERT INTO EstatísticaJogador values (268842,1183);
INSERT INTO Estatística values (1184,"FaltasCometidas",1); INSERT INTO EstatísticaJogador values (268842,1184);
INSERT INTO Estatística values (1185,"Assistências",2); INSERT INTO EstatísticaJogador values (268842,1185);
INSERT INTO Estatística values (1186,"Valorização",15); INSERT INTO EstatísticaJogador values (268842,1186);
INSERT INTO Estatística values (1187,"Roubos",2); INSERT INTO EstatísticaJogador values (268842,1187);
INSERT INTO Estatística values (1189,"Minutos",34); INSERT INTO EstatísticaJogador values (268842,1189);
INSERT INTO Estatística values (1190,"Bloqueios",0); INSERT INTO EstatísticaJogador values (268842,1190);
--Estatística 191364
INSERT INTO Estatística values (1191,"Pontos",5); INSERT INTO EstatísticaJogador values (191364,1191);
INSERT INTO Estatística values (1192,"Ressaltos",3); INSERT INTO EstatísticaJogador values (191364,1192);
INSERT INTO Estatística values (1193,"FaltasSofridas",0); INSERT INTO EstatísticaJogador values (191364,1193);
INSERT INTO Estatística values (1194,"FaltasCometidas",3); INSERT INTO EstatísticaJogador values (191364,1194);
INSERT INTO Estatística values (1195,"Assistências",0); INSERT INTO EstatísticaJogador values (191364,1195);
INSERT INTO Estatística values (1196,"Valorização",4); INSERT INTO EstatísticaJogador values (191364,1196);
INSERT INTO Estatística values (1197,"Roubos",0); INSERT INTO EstatísticaJogador values (191364,1197);
INSERT INTO Estatística values (1198,"Minutos",11); INSERT INTO EstatísticaJogador values (191364,1198);
INSERT INTO Estatística values (1199,"Bloqueios",0); INSERT INTO EstatísticaJogador values (191364,1199);
--Estatística 150441
INSERT INTO Estatística values (1200,"Pontos",20); INSERT INTO EstatísticaJogador values (150441,1200);
INSERT INTO Estatística values (1201,"Ressaltos",2); INSERT INTO EstatísticaJogador values (150441,1201);
INSERT INTO Estatística values (1202,"FaltasSofridas",1); INSERT INTO EstatísticaJogador values (150441,1202);
INSERT INTO Estatística values (1203,"FaltasCometidas",1); INSERT INTO EstatísticaJogador values (150441,1203);
INSERT INTO Estatística values (1204,"Assistências",6); INSERT INTO EstatísticaJogador values (150441,1204);
INSERT INTO Estatística values (1205,"Valorização",25); INSERT INTO EstatísticaJogador values (150441,1205);
INSERT INTO Estatística values (1206,"Roubos",1); INSERT INTO EstatísticaJogador values (150441,1206);
INSERT INTO Estatística values (1207,"Minutos",34); INSERT INTO EstatísticaJogador values (150441,1207);
INSERT INTO Estatística values (1208,"Bloqueios",0); INSERT INTO EstatísticaJogador values (150441,1208);
--Estatística 262469
INSERT INTO Estatística values (1209,"Pontos",0); INSERT INTO EstatísticaJogador values (262469,1209);
INSERT INTO Estatística values (1210,"Ressaltos",0); INSERT INTO EstatísticaJogador values (262469,1210);
INSERT INTO Estatística values (1211,"FaltasSofridas",0); INSERT INTO EstatísticaJogador values (262469,1211);
INSERT INTO Estatística values (1212,"FaltasCometidas",0); INSERT INTO EstatísticaJogador values (262469,1212);
INSERT INTO Estatística values (1213,"Assistências",0); INSERT INTO EstatísticaJogador values (262469,1213);
INSERT INTO Estatística values (1214,"Valorização",0); INSERT INTO EstatísticaJogador values (262469,1214);
INSERT INTO Estatística values (1215,"Roubos",0); INSERT INTO EstatísticaJogador values (262469,1215);
INSERT INTO Estatística values (1216,"Minutos",0); INSERT INTO EstatísticaJogador values (262469,1216);
INSERT INTO Estatística values (1217,"Bloqueios",0); INSERT INTO EstatísticaJogador values (262469,1217);
--Estatística Lusitânia
INSERT INTO Estatística values (1227,"Pontos",80); INSERT INTO EstatísticaClube values (24,1227);
INSERT INTO Estatística values (1228,"Ressaltos",39); INSERT INTO EstatísticaClube values (24,1228);
INSERT INTO Estatística values (1229,"FaltasSofridas",11); INSERT INTO EstatísticaClube values (24,1229);
INSERT INTO Estatística values (1230,"FaltasCometidas",13); INSERT INTO EstatísticaClube values (24,1230);
INSERT INTO Estatística values (1231,"Assistências",18); INSERT INTO EstatísticaClube values (24,1231);
INSERT INTO Estatística values (1232,"Valorização",99); INSERT INTO EstatísticaClube values (24,1232);
INSERT INTO Estatística values (1233,"Roubos",7); INSERT INTO EstatísticaClube values (24,1233);
INSERT INTO Estatística values (1234,"Minutos",200); INSERT INTO EstatísticaClube values (24,1234);
INSERT INTO Estatística values (1235,"Bloqueios",0); INSERT INTO EstatísticaClube values (24,1235);
INSERT INTO Estatística values (1240,"Pontos",24); INSERT INTO EstatísticaPontos values (1240,1);
INSERT INTO Estatística values (1241,"Pontos",21); INSERT INTO EstatísticaPontos values (1241,2);
INSERT INTO Estatística values (1242,"Pontos",14); INSERT INTO EstatísticaPontos values (1242,3);
INSERT INTO Estatística values (1243,"Pontos",21); INSERT INTO EstatísticaPontos values (1243,4);

--Jogo EsgueiraxLusitânia
INSERT INTO Jogo values (5,8,"05-12-2021",23, 24, 33);

INSERT INTO ÁrbitrosnoJogo values (40,5);
INSERT INTO ÁrbitrosnoJogo values (41,5);
INSERT INTO ÁrbitrosnoJogo values (42,5);
INSERT INTO ÁrbitrosnoJogo values (43,5);
INSERT INTO ÁrbitrosnoJogo values (44,5);
INSERT INTO ÁrbitrosnoJogo values (45,5);
INSERT INTO ÁrbitrosnoJogo values (46,5);
INSERT INTO ÁrbitrosnoJogo values (47,5);

INSERT INTO EstatísticaJogo values (5,1001);
INSERT INTO EstatísticaJogo values (5,1002);
INSERT INTO EstatísticaJogo values (5,1003);
INSERT INTO EstatísticaJogo values (5,1004);
INSERT INTO EstatísticaJogo values (5,1005);
INSERT INTO EstatísticaJogo values (5,1006);
INSERT INTO EstatísticaJogo values (5,1007);
INSERT INTO EstatísticaJogo values (5,1008);
INSERT INTO EstatísticaJogo values (5,1009);
INSERT INTO EstatísticaJogo values (5,1010);
INSERT INTO EstatísticaJogo values (5,1011);
INSERT INTO EstatísticaJogo values (5,1012);
INSERT INTO EstatísticaJogo values (5,1013);
INSERT INTO EstatísticaJogo values (5,1014);
INSERT INTO EstatísticaJogo values (5,1015);
INSERT INTO EstatísticaJogo values (5,1016);
INSERT INTO EstatísticaJogo values (5,1017);
INSERT INTO EstatísticaJogo values (5,1018);
INSERT INTO EstatísticaJogo values (5,1019);
INSERT INTO EstatísticaJogo values (5,1020);
INSERT INTO EstatísticaJogo values (5,1021);
INSERT INTO EstatísticaJogo values (5,1022);
INSERT INTO EstatísticaJogo values (5,1023);
INSERT INTO EstatísticaJogo values (5,1024);
INSERT INTO EstatísticaJogo values (5,1025);
INSERT INTO EstatísticaJogo values (5,1026);
INSERT INTO EstatísticaJogo values (5,1027);
INSERT INTO EstatísticaJogo values (5,1028);
INSERT INTO EstatísticaJogo values (5,1029);
INSERT INTO EstatísticaJogo values (5,1030);
INSERT INTO EstatísticaJogo values (5,1031);
INSERT INTO EstatísticaJogo values (5,1032);
INSERT INTO EstatísticaJogo values (5,1033);
INSERT INTO EstatísticaJogo values (5,1034);
INSERT INTO EstatísticaJogo values (5,1035);
INSERT INTO EstatísticaJogo values (5,1036);
INSERT INTO EstatísticaJogo values (5,1037);
INSERT INTO EstatísticaJogo values (5,1038);
INSERT INTO EstatísticaJogo values (5,1039);
INSERT INTO EstatísticaJogo values (5,1040);
INSERT INTO EstatísticaJogo values (5,1041);
INSERT INTO EstatísticaJogo values (5,1042);
INSERT INTO EstatísticaJogo values (5,1043);
INSERT INTO EstatísticaJogo values (5,1044);
INSERT INTO EstatísticaJogo values (5,1045);
INSERT INTO EstatísticaJogo values (5,1046);
INSERT INTO EstatísticaJogo values (5,1047);
INSERT INTO EstatísticaJogo values (5,1048);
INSERT INTO EstatísticaJogo values (5,1049);
INSERT INTO EstatísticaJogo values (5,1050);
INSERT INTO EstatísticaJogo values (5,1051);
INSERT INTO EstatísticaJogo values (5,1052);
INSERT INTO EstatísticaJogo values (5,1053);
INSERT INTO EstatísticaJogo values (5,1054);
INSERT INTO EstatísticaJogo values (5,1055);
INSERT INTO EstatísticaJogo values (5,1056);
INSERT INTO EstatísticaJogo values (5,1057);
INSERT INTO EstatísticaJogo values (5,1058);
INSERT INTO EstatísticaJogo values (5,1059);
INSERT INTO EstatísticaJogo values (5,1060);
INSERT INTO EstatísticaJogo values (5,1061);
INSERT INTO EstatísticaJogo values (5,1062);
INSERT INTO EstatísticaJogo values (5,1063);
INSERT INTO EstatísticaJogo values (5,1064);
INSERT INTO EstatísticaJogo values (5,1065);
INSERT INTO EstatísticaJogo values (5,1066);
INSERT INTO EstatísticaJogo values (5,1067);
INSERT INTO EstatísticaJogo values (5,1068);
INSERT INTO EstatísticaJogo values (5,1069);
INSERT INTO EstatísticaJogo values (5,1070);
INSERT INTO EstatísticaJogo values (5,1071);
INSERT INTO EstatísticaJogo values (5,1072);
INSERT INTO EstatísticaJogo values (5,1073);
INSERT INTO EstatísticaJogo values (5,1074);
INSERT INTO EstatísticaJogo values (5,1075);
INSERT INTO EstatísticaJogo values (5,1076);
INSERT INTO EstatísticaJogo values (5,1077);
INSERT INTO EstatísticaJogo values (5,1078);
INSERT INTO EstatísticaJogo values (5,1079);
INSERT INTO EstatísticaJogo values (5,1080);
INSERT INTO EstatísticaJogo values (5,1081);
INSERT INTO EstatísticaJogo values (5,1082);
INSERT INTO EstatísticaJogo values (5,1083);
INSERT INTO EstatísticaJogo values (5,1084);
INSERT INTO EstatísticaJogo values (5,1085);
INSERT INTO EstatísticaJogo values (5,1086);
INSERT INTO EstatísticaJogo values (5,1087);
INSERT INTO EstatísticaJogo values (5,1088);
INSERT INTO EstatísticaJogo values (5,1089);
INSERT INTO EstatísticaJogo values (5,1090);
INSERT INTO EstatísticaJogo values (5,1109);
INSERT INTO EstatísticaJogo values (5,1110);
INSERT INTO EstatísticaJogo values (5,1111);
INSERT INTO EstatísticaJogo values (5,1112);
INSERT INTO EstatísticaJogo values (5,1113);
INSERT INTO EstatísticaJogo values (5,1114);
INSERT INTO EstatísticaJogo values (5,1115);
INSERT INTO EstatísticaJogo values (5,1116);
INSERT INTO EstatísticaJogo values (5,1117);
INSERT INTO EstatísticaJogo values (5,1118);
INSERT INTO EstatísticaJogo values (5,1119);
INSERT INTO EstatísticaJogo values (5,1120);
INSERT INTO EstatísticaJogo values (5,1121);
INSERT INTO EstatísticaJogo values (5,1122);
INSERT INTO EstatísticaJogo values (5,1123);
INSERT INTO EstatísticaJogo values (5,1124);
INSERT INTO EstatísticaJogo values (5,1125);
INSERT INTO EstatísticaJogo values (5,1126);
INSERT INTO EstatísticaJogo values (5,1127);
INSERT INTO EstatísticaJogo values (5,1128);
INSERT INTO EstatísticaJogo values (5,1129);
INSERT INTO EstatísticaJogo values (5,1130);
INSERT INTO EstatísticaJogo values (5,1131);
INSERT INTO EstatísticaJogo values (5,1132);
INSERT INTO EstatísticaJogo values (5,1133);
INSERT INTO EstatísticaJogo values (5,1134);
INSERT INTO EstatísticaJogo values (5,1135);
INSERT INTO EstatísticaJogo values (5,1136);
INSERT INTO EstatísticaJogo values (5,1137);
INSERT INTO EstatísticaJogo values (5,1138);
INSERT INTO EstatísticaJogo values (5,1139);
INSERT INTO EstatísticaJogo values (5,1140);
INSERT INTO EstatísticaJogo values (5,1141);
INSERT INTO EstatísticaJogo values (5,1142);
INSERT INTO EstatísticaJogo values (5,1143);
INSERT INTO EstatísticaJogo values (5,1144);
INSERT INTO EstatísticaJogo values (5,1145);
INSERT INTO EstatísticaJogo values (5,1146);
INSERT INTO EstatísticaJogo values (5,1147);
INSERT INTO EstatísticaJogo values (5,1148);
INSERT INTO EstatísticaJogo values (5,1149);
INSERT INTO EstatísticaJogo values (5,1150);
INSERT INTO EstatísticaJogo values (5,1151);
INSERT INTO EstatísticaJogo values (5,1152);
INSERT INTO EstatísticaJogo values (5,1153);
INSERT INTO EstatísticaJogo values (5,1154);
INSERT INTO EstatísticaJogo values (5,1155);
INSERT INTO EstatísticaJogo values (5,1156);
INSERT INTO EstatísticaJogo values (5,1157);
INSERT INTO EstatísticaJogo values (5,1158);
INSERT INTO EstatísticaJogo values (5,1159);
INSERT INTO EstatísticaJogo values (5,1160);
INSERT INTO EstatísticaJogo values (5,1161);
INSERT INTO EstatísticaJogo values (5,1162);
INSERT INTO EstatísticaJogo values (5,1163);
INSERT INTO EstatísticaJogo values (5,1164);
INSERT INTO EstatísticaJogo values (5,1165);
INSERT INTO EstatísticaJogo values (5,1166);
INSERT INTO EstatísticaJogo values (5,1167);
INSERT INTO EstatísticaJogo values (5,1168);
INSERT INTO EstatísticaJogo values (5,1169);
INSERT INTO EstatísticaJogo values (5,1170);
INSERT INTO EstatísticaJogo values (5,1171);
INSERT INTO EstatísticaJogo values (5,1172);
INSERT INTO EstatísticaJogo values (5,1173);
INSERT INTO EstatísticaJogo values (5,1174);
INSERT INTO EstatísticaJogo values (5,1175);
INSERT INTO EstatísticaJogo values (5,1176);
INSERT INTO EstatísticaJogo values (5,1177);
INSERT INTO EstatísticaJogo values (5,1178);
INSERT INTO EstatísticaJogo values (5,1179);
INSERT INTO EstatísticaJogo values (5,1180);
INSERT INTO EstatísticaJogo values (5,1181);
INSERT INTO EstatísticaJogo values (5,1182);
INSERT INTO EstatísticaJogo values (5,1183);
INSERT INTO EstatísticaJogo values (5,1184);
INSERT INTO EstatísticaJogo values (5,1185);
INSERT INTO EstatísticaJogo values (5,1186);
INSERT INTO EstatísticaJogo values (5,1187);
INSERT INTO EstatísticaJogo values (5,1189);
INSERT INTO EstatísticaJogo values (5,1190);
INSERT INTO EstatísticaJogo values (5,1191);
INSERT INTO EstatísticaJogo values (5,1192);
INSERT INTO EstatísticaJogo values (5,1193);
INSERT INTO EstatísticaJogo values (5,1194);
INSERT INTO EstatísticaJogo values (5,1195);
INSERT INTO EstatísticaJogo values (5,1196);
INSERT INTO EstatísticaJogo values (5,1197);
INSERT INTO EstatísticaJogo values (5,1198);
INSERT INTO EstatísticaJogo values (5,1199);
INSERT INTO EstatísticaJogo values (5,1200);
INSERT INTO EstatísticaJogo values (5,1201);
INSERT INTO EstatísticaJogo values (5,1202);
INSERT INTO EstatísticaJogo values (5,1203);
INSERT INTO EstatísticaJogo values (5,1204);
INSERT INTO EstatísticaJogo values (5,1205);
INSERT INTO EstatísticaJogo values (5,1206);
INSERT INTO EstatísticaJogo values (5,1207);
INSERT INTO EstatísticaJogo values (5,1208);
INSERT INTO EstatísticaJogo values (5,1209);
INSERT INTO EstatísticaJogo values (5,1210);
INSERT INTO EstatísticaJogo values (5,1211);
INSERT INTO EstatísticaJogo values (5,1212);
INSERT INTO EstatísticaJogo values (5,1213);
INSERT INTO EstatísticaJogo values (5,1214);
INSERT INTO EstatísticaJogo values (5,1215);
INSERT INTO EstatísticaJogo values (5,1216);
INSERT INTO EstatísticaJogo values (5,1217);
INSERT INTO EstatísticaJogo values (5,1227);
INSERT INTO EstatísticaJogo values (5,1228);
INSERT INTO EstatísticaJogo values (5,1229);
INSERT INTO EstatísticaJogo values (5,1230);
INSERT INTO EstatísticaJogo values (5,1231);
INSERT INTO EstatísticaJogo values (5,1232);
INSERT INTO EstatísticaJogo values (5,1233);
INSERT INTO EstatísticaJogo values (5,1234);
INSERT INTO EstatísticaJogo values (5,1235);
INSERT INTO EstatísticaJogo values (5,1236);
INSERT INTO EstatísticaJogo values (5,1237);
INSERT INTO EstatísticaJogo values (5,1238);
INSERT INTO EstatísticaJogo values (5,1239);
INSERT INTO EstatísticaJogo values (5,1240);
INSERT INTO EstatísticaJogo values (5,1241);
INSERT INTO EstatísticaJogo values (5,1242);
INSERT INTO EstatísticaJogo values (5,1243);

--Substituições
INSERT INTO Estatística values (1497,"Substituição",20); INSERT INTO EstatísticaSubstituição values (1497,262514,114816);
INSERT INTO Estatística values (1498,"Substituição",17); INSERT INTO EstatísticaSubstituição values (1498,232792,150441);
INSERT INTO Estatística values (1499,"Substituição",9); INSERT INTO EstatísticaSubstituição values (1499,268908,268904);
INSERT INTO Estatística values (1500,"Substituição",25); INSERT INTO EstatísticaSubstituição values (1500,269329,193456);
INSERT INTO Estatística values (1501,"Substituição",35); INSERT INTO EstatísticaSubstituição values (1501,192728,268905);
INSERT INTO Estatística values (1502,"Substituição",8); INSERT INTO EstatísticaSubstituição values (1502,185917,201342);
INSERT INTO Estatística values (1503,"Substituição",11); INSERT INTO EstatísticaSubstituição values (1503,166980,262469);
INSERT INTO Estatística values (1504,"Substituição",20); INSERT INTO EstatísticaSubstituição values (1504,268842,268844);

INSERT INTO EstatísticaJogo values (5,1497);
INSERT INTO EstatísticaJogo values (5,1498);
INSERT INTO EstatísticaJogo values (5,1499);
INSERT INTO EstatísticaJogo values (5,1500);
INSERT INTO EstatísticaJogo values (5,1501);
INSERT INTO EstatísticaJogo values (5,1502);
INSERT INTO EstatísticaJogo values (5,1503);
INSERT INTO EstatísticaJogo values (5,1504);

--Árbitros Maia BasketxVitória SC
INSERT INTO Árbitro values(50,"Bruno Ferreira Lopes Casinha","Comissário");
INSERT INTO Árbitro values(51,"Hugo Blanco Marques da Silva","Árbitro Principal");
INSERT INTO Árbitro values(52,"Bruno Filipe Lopes Maciel","Árbitro Auxiliar 1");
INSERT INTO Árbitro values(53,"António Manuel de Castro Martins Pereira","Árbitro Auxiliar 2");
INSERT INTO Árbitro values(54,"Ana Cristina Rodrigues Laranjeira","Marcador");
INSERT INTO Árbitro values(55,"António José Guedes Faria","Marcador Auxiliar");
INSERT INTO Árbitro values(56,"Ana Isabel Jesus Crespo","Cronometrista");
INSERT INTO Árbitro values(57,"Ana Paula Guedes da Silva","Operador 24 segundos");
--Jogadores Maia Basket
INSERT INTO Jogador values(135974,"David Gomes","23-03-1986",203,"Portuguesa");
INSERT INTO Jogador values(176103,"Miguel Hespanhol","10-09-2000",180,"Portuguesa");
INSERT INTO Jogador values(269032,"Bright Mensah","10-11-1992",188,"Americana");
INSERT INTO Jogador values(269029,"Theophilus Johnson","11-05-1994",201,"Americana");
INSERT INTO Jogador values(169330,"Pedro Lopes","07-02-1997",187,"Portuguesa");
INSERT INTO Jogador values(269194,"Jakob Lowrance","02-04-1997",205,"Americana");
INSERT INTO Jogador values(262547,"Lamar Morgan","30-04-1997",198,"Americana");
INSERT INTO Jogador values(192453,"Daniel Fidalgo","15-03-2002",178,"Portuguesa");
INSERT INTO Jogador values(167248,"Hugo Gomes","22-09-1989",200,"Portuguesa");
INSERT INTO Jogador values(209458,"Vitor Ferreira","06-01-2003",189,"Portuguesa");
INSERT INTO Jogador values(176101,"Pedro Fidalgo","14-08-1997",184,"Portuguesa");

INSERT INTO JogadoresNoClube values (135974,51);
INSERT INTO JogadoresNoClube values (176103,51);
INSERT INTO JogadoresNoClube values (269032,51);
INSERT INTO JogadoresNoClube values (269029,51);
INSERT INTO JogadoresNoClube values (169330,51);
INSERT INTO JogadoresNoClube values (269194,51);
INSERT INTO JogadoresNoClube values (262547,51);
INSERT INTO JogadoresNoClube values (192453,51);
INSERT INTO JogadoresNoClube values (167248,51);
INSERT INTO JogadoresNoClube values (209458,51);
INSERT INTO JogadoresNoClube values (176101,51);
--Estatística 135974
INSERT INTO Estatística values (1244,"Pontos",6); INSERT INTO EstatísticaJogador values (135974,1244);
INSERT INTO Estatística values (1245,"Ressaltos",6); INSERT INTO EstatísticaJogador values (135974,1245);
INSERT INTO Estatística values (1246,"FaltasSofridas",2); INSERT INTO EstatísticaJogador values (135974,1246);
INSERT INTO Estatística values (1247,"FaltasCometidas",2); INSERT INTO EstatísticaJogador values (135974,1247);
INSERT INTO Estatística values (1248,"Assistências",4); INSERT INTO EstatísticaJogador values (135974,1248);
INSERT INTO Estatística values (1249,"Valorização",8); INSERT INTO EstatísticaJogador values (135974,1249);
INSERT INTO Estatística values (1250,"Roubos",1); INSERT INTO EstatísticaJogador values (135974,1250);
INSERT INTO Estatística values (1251,"Minutos",39); INSERT INTO EstatísticaJogador values (135974,1251);
INSERT INTO Estatística values (1252,"Bloqueios",1); INSERT INTO EstatísticaJogador values (135974,1252);
--Estatística 176103
INSERT INTO Estatística values (1253,"Pontos",0); INSERT INTO EstatísticaJogador values (176103,1253);
INSERT INTO Estatística values (1254,"Ressaltos",0); INSERT INTO EstatísticaJogador values (176103,1254);
INSERT INTO Estatística values (1255,"FaltasSofridas",0); INSERT INTO EstatísticaJogador values (176103,1255);
INSERT INTO Estatística values (1256,"FaltasCometidas",0); INSERT INTO EstatísticaJogador values (176103,1256);
INSERT INTO Estatística values (1257,"Assistências",0); INSERT INTO EstatísticaJogador values (176103,1257);
INSERT INTO Estatística values (1258,"Valorização",0); INSERT INTO EstatísticaJogador values (176103,1258);
INSERT INTO Estatística values (1259,"Roubos",0); INSERT INTO EstatísticaJogador values (176103,1259);
INSERT INTO Estatística values (1260,"Minutos",0); INSERT INTO EstatísticaJogador values (176103,1260);
INSERT INTO Estatística values (1261,"Bloqueios",0); INSERT INTO EstatísticaJogador values (176103,1261);
--Estatística 269032
INSERT INTO Estatística values (1262,"Pontos",6); INSERT INTO EstatísticaJogador values (269032,1262);
INSERT INTO Estatística values (1263,"Ressaltos",6); INSERT INTO EstatísticaJogador values (269032,1263);
INSERT INTO Estatística values (1264,"FaltasSofridas",4); INSERT INTO EstatísticaJogador values (269032,1264);
INSERT INTO Estatística values (1265,"FaltasCometidas",1); INSERT INTO EstatísticaJogador values (269032,1265);
INSERT INTO Estatística values (1266,"Assistências",6); INSERT INTO EstatísticaJogador values (269032,1266);
INSERT INTO Estatística values (1267,"Valorização",14); INSERT INTO EstatísticaJogador values (269032,1267);
INSERT INTO Estatística values (1268,"Roubos",1); INSERT INTO EstatísticaJogador values (269032,1268);
INSERT INTO Estatística values (1269,"Minutos",27); INSERT INTO EstatísticaJogador values (269032,1269);
INSERT INTO Estatística values (1270,"Bloqueios",0); INSERT INTO EstatísticaJogador values (269032,1270);
--Estatística 269029
INSERT INTO Estatística values (1271,"Pontos",25); INSERT INTO EstatísticaJogador values (269029,1271);
INSERT INTO Estatística values (1272,"Ressaltos",5); INSERT INTO EstatísticaJogador values (269029,1272);
INSERT INTO Estatística values (1273,"FaltasSofridas",7); INSERT INTO EstatísticaJogador values (269029,1273);
INSERT INTO Estatística values (1274,"FaltasCometidas",1); INSERT INTO EstatísticaJogador values (269029,1274);
INSERT INTO Estatística values (1275,"Assistências",1); INSERT INTO EstatísticaJogador values (269029,1275);
INSERT INTO Estatística values (1276,"Valorização",16); INSERT INTO EstatísticaJogador values (269029,1276);
INSERT INTO Estatística values (1277,"Roubos",0); INSERT INTO EstatísticaJogador values (269029,1277);
INSERT INTO Estatística values (1278,"Minutos",40); INSERT INTO EstatísticaJogador values (269029,1278);
INSERT INTO Estatística values (1279,"Bloqueios",0); INSERT INTO EstatísticaJogador values (269029,1279);
--Estatística 169330
INSERT INTO Estatística values (1280,"Pontos",6); INSERT INTO EstatísticaJogador values (169330,1280);
INSERT INTO Estatística values (1281,"Ressaltos",2); INSERT INTO EstatísticaJogador values (169330,1281);
INSERT INTO Estatística values (1282,"FaltasSofridas",1); INSERT INTO EstatísticaJogador values (169330,1282);
INSERT INTO Estatística values (1283,"FaltasCometidas",3); INSERT INTO EstatísticaJogador values (169330,1283);
INSERT INTO Estatística values (1284,"Assistências",0); INSERT INTO EstatísticaJogador values (169330,1284);
INSERT INTO Estatística values (1285,"Valorização",5); INSERT INTO EstatísticaJogador values (169330,1285);
INSERT INTO Estatística values (1286,"Roubos",0); INSERT INTO EstatísticaJogador values (169330,1286);
INSERT INTO Estatística values (1287,"Minutos",24); INSERT INTO EstatísticaJogador values (169330,1287);
INSERT INTO Estatística values (1288,"Bloqueios",0); INSERT INTO EstatísticaJogador values (169330,1288);
--Estatística 269194
INSERT INTO Estatística values (1289,"Pontos",0); INSERT INTO EstatísticaJogador values (269194,1289);
INSERT INTO Estatística values (1290,"Ressaltos",0); INSERT INTO EstatísticaJogador values (269194,1290);
INSERT INTO Estatística values (1291,"FaltasSofridas",0); INSERT INTO EstatísticaJogador values (269194,1291);
INSERT INTO Estatística values (1292,"FaltasCometidas",0); INSERT INTO EstatísticaJogador values (269194,1292);
INSERT INTO Estatística values (1293,"Assistências",0); INSERT INTO EstatísticaJogador values (269194,1293);
INSERT INTO Estatística values (1294,"Valorização",0); INSERT INTO EstatísticaJogador values (269194,1294);
INSERT INTO Estatística values (1295,"Roubos",0); INSERT INTO EstatísticaJogador values (269194,1295);
INSERT INTO Estatística values (1296,"Minutos",0); INSERT INTO EstatísticaJogador values (269194,1296);
INSERT INTO Estatística values (1297,"Bloqueios",0); INSERT INTO EstatísticaJogador values (269194,1297);
--Estatística 262547
INSERT INTO Estatística values (1298,"Pontos",18); INSERT INTO EstatísticaJogador values (262547,1298);
INSERT INTO Estatística values (1299,"Ressaltos",10); INSERT INTO EstatísticaJogador values (262547,1299);
INSERT INTO Estatística values (1300,"FaltasSofridas",5); INSERT INTO EstatísticaJogador values (262547,1300);
INSERT INTO Estatística values (1301,"FaltasCometidas",2); INSERT INTO EstatísticaJogador values (262547,1301);
INSERT INTO Estatística values (1302,"Assistências",1); INSERT INTO EstatísticaJogador values (262547,1302);
INSERT INTO Estatística values (1303,"Valorização",23); INSERT INTO EstatísticaJogador values (262547,1303);
INSERT INTO Estatística values (1304,"Roubos",3); INSERT INTO EstatísticaJogador values (262547,1304);
INSERT INTO Estatística values (1305,"Minutos",40); INSERT INTO EstatísticaJogador values (262547,1305);
INSERT INTO Estatística values (1306,"Bloqueios",0); INSERT INTO EstatísticaJogador values (262547,1306);
--Estatística 192453
INSERT INTO Estatística values (1307,"Pontos",4); INSERT INTO EstatísticaJogador values (192453,1307);
INSERT INTO Estatística values (1308,"Ressaltos",1); INSERT INTO EstatísticaJogador values (192453,1308);
INSERT INTO Estatística values (1309,"FaltasSofridas",2); INSERT INTO EstatísticaJogador values (192453,1309);
INSERT INTO Estatística values (1310,"FaltasCometidas",4); INSERT INTO EstatísticaJogador values (192453,1310);
INSERT INTO Estatística values (1311,"Assistências",1); INSERT INTO EstatísticaJogador values (192453,1311);
INSERT INTO Estatística values (1312,"Valorização",1); INSERT INTO EstatísticaJogador values (192453,1312);
INSERT INTO Estatística values (1313,"Roubos",0); INSERT INTO EstatísticaJogador values (192453,1313);
INSERT INTO Estatística values (1314,"Minutos",29); INSERT INTO EstatísticaJogador values (192453,1314);
INSERT INTO Estatística values (1315,"Bloqueios",0); INSERT INTO EstatísticaJogador values (192453,1315);
--Estatística 167248
INSERT INTO Estatística values (1316,"Pontos",0); INSERT INTO EstatísticaJogador values (167248,1316);
INSERT INTO Estatística values (1317,"Ressaltos",0); INSERT INTO EstatísticaJogador values (167248,1317);
INSERT INTO Estatística values (1318,"FaltasSofridas",0); INSERT INTO EstatísticaJogador values (167248,1318);
INSERT INTO Estatística values (1319,"FaltasCometidas",0); INSERT INTO EstatísticaJogador values (167248,1319);
INSERT INTO Estatística values (1320,"Assistências",0); INSERT INTO EstatísticaJogador values (167248,1320);
INSERT INTO Estatística values (1321,"Valorização",0); INSERT INTO EstatísticaJogador values (167248,1321);
INSERT INTO Estatística values (1322,"Roubos",0); INSERT INTO EstatísticaJogador values (167248,1322);
INSERT INTO Estatística values (1323,"Minutos",1); INSERT INTO EstatísticaJogador values (167248,1323);
INSERT INTO Estatística values (1324,"Bloqueios",0); INSERT INTO EstatísticaJogador values (167248,1324);
--Estatística 209458
INSERT INTO Estatística values (1325,"Pontos",0); INSERT INTO EstatísticaJogador values (209458,1325);
INSERT INTO Estatística values (1326,"Ressaltos",0); INSERT INTO EstatísticaJogador values (209458,1326);
INSERT INTO Estatística values (1327,"FaltasSofridas",0); INSERT INTO EstatísticaJogador values (209458,1327);
INSERT INTO Estatística values (1328,"FaltasCometidas",0); INSERT INTO EstatísticaJogador values (209458,1328);
INSERT INTO Estatística values (1329,"Assistências",0); INSERT INTO EstatísticaJogador values (209458,1329);
INSERT INTO Estatística values (1330,"Valorização",0); INSERT INTO EstatísticaJogador values (209458,1330);
INSERT INTO Estatística values (1331,"Roubos",0); INSERT INTO EstatísticaJogador values (209458,1331);
INSERT INTO Estatística values (1332,"Minutos",0); INSERT INTO EstatísticaJogador values (209458,1332);
INSERT INTO Estatística values (1333,"Bloqueios",0); INSERT INTO EstatísticaJogador values (209458,1333);
--Estatística 176101
INSERT INTO Estatística values (1334,"Pontos",0); INSERT INTO EstatísticaJogador values (176101,1334);
INSERT INTO Estatística values (1335,"Ressaltos",0); INSERT INTO EstatísticaJogador values (176101,1335);
INSERT INTO Estatística values (1336,"FaltasSofridas",0); INSERT INTO EstatísticaJogador values (176101,1336);
INSERT INTO Estatística values (1337,"FaltasCometidas",0); INSERT INTO EstatísticaJogador values (176101,1337);
INSERT INTO Estatística values (1338,"Assistências",0); INSERT INTO EstatísticaJogador values (176101,1338);
INSERT INTO Estatística values (1339,"Valorização",0); INSERT INTO EstatísticaJogador values (176101,1339);
INSERT INTO Estatística values (1340,"Roubos",0); INSERT INTO EstatísticaJogador values (176101,1340);
INSERT INTO Estatística values (1341,"Minutos",0); INSERT INTO EstatísticaJogador values (176101,1341);
INSERT INTO Estatística values (1342,"Bloqueios",0); INSERT INTO EstatísticaJogador values (176101,1342);
--Estatística Maia Basket
INSERT INTO Estatística values (1352,"Pontos",65); INSERT INTO EstatísticaClube values (51,1352);
INSERT INTO Estatística values (1353,"Ressaltos",35); INSERT INTO EstatísticaClube values (51,1353);
INSERT INTO Estatística values (1354,"FaltasSofridas",21); INSERT INTO EstatísticaClube values (51,1354);
INSERT INTO Estatística values (1355,"FaltasCometidas",13); INSERT INTO EstatísticaClube values (51,1355);
INSERT INTO Estatística values (1356,"Assistências",13); INSERT INTO EstatísticaClube values (51,1356);
INSERT INTO Estatística values (1357,"Valorização",71); INSERT INTO EstatísticaClube values (51,1357);
INSERT INTO Estatística values (1358,"Roubos",5); INSERT INTO EstatísticaClube values (51,1358);
INSERT INTO Estatística values (1359,"Minutos",200); INSERT INTO EstatísticaClube values (51,1359);
INSERT INTO Estatística values (1360,"Bloqueios",1); INSERT INTO EstatísticaClube values (51,1360);
INSERT INTO Estatística values (1361,"Pontos",16); INSERT INTO EstatísticaPontos values (1361,1);
INSERT INTO Estatística values (1362,"Pontos",15); INSERT INTO EstatísticaPontos values (1362,2);
INSERT INTO Estatística values (1363,"Pontos",14); INSERT INTO EstatísticaPontos values (1363,3);
INSERT INTO Estatística values (1364,"Pontos",20); INSERT INTO EstatísticaPontos values (1364,4);
--Jogadores Vitória SC
INSERT INTO Jogador values(268963,"Jaron Hopkins","14-08-1994",198,"Americana");
INSERT INTO Jogador values(160811,"João Soares","28-06-1995",192,"Portuguesa");
INSERT INTO Jogador values(205925,"Pedro Silva","29-06-1997",187,"Portuguesa");
INSERT INTO Jogador values(177284,"Carlos Cardoso","20-10-1997",184,"Portuguesa");
INSERT INTO Jogador values(168201,"João Ribeiro","30-07-1993",202,"Portuguesa");
INSERT INTO Jogador values(109007,"André Bessa","13-01-1989",182,"Portuguesa");
INSERT INTO Jogador values(209673,"Ricardo Monteiro","13-02-1997",208,"Portuguesa");
INSERT INTO Jogador values(268959,"Alexander Peacok","02-08-1997",201,"Americana");
INSERT INTO Jogador values(262521,"Alfred Parrish","22-12-1994",198,"Americana");
INSERT INTO Jogador values(256100,"Coreontae Berry","02-09-1994",208,"Americana");
INSERT INTO Jogador values(265395,"Tyler Seibring","26-07-1996",205,"Americana");
INSERT INTO Jogador values(201357,"Afonso Soares","09-02-2002",192,"Portuguesa");

INSERT INTO JogadoresNoClube values (268963,52);
INSERT INTO JogadoresNoClube values (160811,52);
INSERT INTO JogadoresNoClube values (205925,52);
INSERT INTO JogadoresNoClube values (177284,52);
INSERT INTO JogadoresNoClube values (168201,52);
INSERT INTO JogadoresNoClube values (109007,52);
INSERT INTO JogadoresNoClube values (209673,52);
INSERT INTO JogadoresNoClube values (268959,52);
INSERT INTO JogadoresNoClube values (262521,52);
INSERT INTO JogadoresNoClube values (256100,52);
INSERT INTO JogadoresNoClube values (265395,52);
INSERT INTO JogadoresNoClube values (201357,52);
--Estatística 268963
INSERT INTO Estatística values (1366,"Pontos",19); INSERT INTO EstatísticaJogador values (268963,1366);
INSERT INTO Estatística values (1367,"Ressaltos",7); INSERT INTO EstatísticaJogador values (268963,1367);
INSERT INTO Estatística values (1368,"FaltasSofridas",5); INSERT INTO EstatísticaJogador values (268963,1368);
INSERT INTO Estatística values (1369,"FaltasCometidas",3); INSERT INTO EstatísticaJogador values (268963,1369);
INSERT INTO Estatística values (1370,"Assistências",5); INSERT INTO EstatísticaJogador values (268963,1370);
INSERT INTO Estatística values (1371,"Valorização",31); INSERT INTO EstatísticaJogador values (268963,1371);
INSERT INTO Estatística values (1372,"Roubos",6); INSERT INTO EstatísticaJogador values (268963,1372);
INSERT INTO Estatística values (1373,"Minutos",32); INSERT INTO EstatísticaJogador values (268963,1373);
INSERT INTO Estatística values (1374,"Bloqueios",0); INSERT INTO EstatísticaJogador values (268963,1374);
--Estatística 160811
INSERT INTO Estatística values (1375,"Pontos",0); INSERT INTO EstatísticaJogador values (160811,1375);
INSERT INTO Estatística values (1376,"Ressaltos",0); INSERT INTO EstatísticaJogador values (160811,1376);
INSERT INTO Estatística values (1377,"FaltasSofridas",0); INSERT INTO EstatísticaJogador values (160811,1377);
INSERT INTO Estatística values (1378,"FaltasCometidas",1); INSERT INTO EstatísticaJogador values (160811,1378);
INSERT INTO Estatística values (1379,"Assistências",0); INSERT INTO EstatísticaJogador values (160811,1379);
INSERT INTO Estatística values (1380,"Valorização",0); INSERT INTO EstatísticaJogador values (160811,1380);
INSERT INTO Estatística values (1381,"Roubos",0); INSERT INTO EstatísticaJogador values (160811,1381);
INSERT INTO Estatística values (1382,"Minutos",2); INSERT INTO EstatísticaJogador values (160811,1382);
INSERT INTO Estatística values (1383,"Bloqueios",0); INSERT INTO EstatísticaJogador values (160811,1383);
--Estatística 205925
INSERT INTO Estatística values (1384,"Pontos",0); INSERT INTO EstatísticaJogador values (205925,1384);
INSERT INTO Estatística values (1385,"Ressaltos",0); INSERT INTO EstatísticaJogador values (205925,1385);
INSERT INTO Estatística values (1386,"FaltasSofridas",0); INSERT INTO EstatísticaJogador values (205925,1386);
INSERT INTO Estatística values (1387,"FaltasCometidas",0); INSERT INTO EstatísticaJogador values (205925,1387);
INSERT INTO Estatística values (1388,"Assistências",0); INSERT INTO EstatísticaJogador values (205925,1388);
INSERT INTO Estatística values (1389,"Valorização",0); INSERT INTO EstatísticaJogador values (205925,1389);
INSERT INTO Estatística values (1390,"Roubos",0); INSERT INTO EstatísticaJogador values (205925,1390);
INSERT INTO Estatística values (1391,"Minutos",3); INSERT INTO EstatísticaJogador values (205925,1391);
INSERT INTO Estatística values (1392,"Bloqueios",0); INSERT INTO EstatísticaJogador values (205925,1392);
--Estatística 177284
INSERT INTO Estatística values (1393,"Pontos",2); INSERT INTO EstatísticaJogador values (177284,1393);
INSERT INTO Estatística values (1394,"Ressaltos",1); INSERT INTO EstatísticaJogador values (177284,1394);
INSERT INTO Estatística values (1395,"FaltasSofridas",2); INSERT INTO EstatísticaJogador values (177284,1395);
INSERT INTO Estatística values (1396,"FaltasCometidas",1); INSERT INTO EstatísticaJogador values (177284,1396);
INSERT INTO Estatística values (1397,"Assistências",2); INSERT INTO EstatísticaJogador values (177284,1397);
INSERT INTO Estatística values (1398,"Valorização",3); INSERT INTO EstatísticaJogador values (177284,1398);
INSERT INTO Estatística values (1399,"Roubos",1); INSERT INTO EstatísticaJogador values (177284,1399);
INSERT INTO Estatística values (1400,"Minutos",12); INSERT INTO EstatísticaJogador values (177284,1400);
INSERT INTO Estatística values (1401,"Bloqueios",0); INSERT INTO EstatísticaJogador values (177284,1401);
--Estatística 168201
INSERT INTO Estatística values (1402,"Pontos",3); INSERT INTO EstatísticaJogador values (168201,1402);
INSERT INTO Estatística values (1403,"Ressaltos",2); INSERT INTO EstatísticaJogador values (168201,1403);
INSERT INTO Estatística values (1404,"FaltasSofridas",0); INSERT INTO EstatísticaJogador values (168201,1404);
INSERT INTO Estatística values (1405,"FaltasCometidas",2); INSERT INTO EstatísticaJogador values (168201,1405);
INSERT INTO Estatística values (1406,"Assistências",0); INSERT INTO EstatísticaJogador values (168201,1406);
INSERT INTO Estatística values (1407,"Valorização",1); INSERT INTO EstatísticaJogador values (168201,1407);
INSERT INTO Estatística values (1408,"Roubos",0); INSERT INTO EstatísticaJogador values (168201,1408);
INSERT INTO Estatística values (1409,"Minutos",12); INSERT INTO EstatísticaJogador values (168201,1409);
INSERT INTO Estatística values (1410,"Bloqueios",0); INSERT INTO EstatísticaJogador values (168201,1410);
--Estatística 109007
INSERT INTO Estatística values (1411,"Pontos",9); INSERT INTO EstatísticaJogador values (109007,1411);
INSERT INTO Estatística values (1412,"Ressaltos",4); INSERT INTO EstatísticaJogador values (109007,1412);
INSERT INTO Estatística values (1413,"FaltasSofridas",1); INSERT INTO EstatísticaJogador values (109007,1413);
INSERT INTO Estatística values (1414,"FaltasCometidas",2); INSERT INTO EstatísticaJogador values (109007,1414);
INSERT INTO Estatística values (1415,"Assistências",4); INSERT INTO EstatísticaJogador values (109007,1415);
INSERT INTO Estatística values (1416,"Valorização",13); INSERT INTO EstatísticaJogador values (109007,1416);
INSERT INTO Estatística values (1417,"Roubos",1); INSERT INTO EstatísticaJogador values (109007,1417);
INSERT INTO Estatística values (1418,"Minutos",28); INSERT INTO EstatísticaJogador values (109007,1418);
INSERT INTO Estatística values (1419,"Bloqueios",0); INSERT INTO EstatísticaJogador values (109007,1419);
--Estatística 209673
INSERT INTO Estatística values (1420,"Pontos",9); INSERT INTO EstatísticaJogador values (209673,1420);
INSERT INTO Estatística values (1421,"Ressaltos",3); INSERT INTO EstatísticaJogador values (209673,1421);
INSERT INTO Estatística values (1422,"FaltasSofridas",1); INSERT INTO EstatísticaJogador values (209673,1422);
INSERT INTO Estatística values (1423,"FaltasCometidas",1); INSERT INTO EstatísticaJogador values (209673,1423);
INSERT INTO Estatística values (1424,"Assistências",0); INSERT INTO EstatísticaJogador values (209673,1424);
INSERT INTO Estatística values (1425,"Valorização",4); INSERT INTO EstatísticaJogador values (209673,1425);
INSERT INTO Estatística values (1426,"Roubos",1); INSERT INTO EstatísticaJogador values (209673,1426);
INSERT INTO Estatística values (1427,"Minutos",25); INSERT INTO EstatísticaJogador values (209673,1427);
INSERT INTO Estatística values (1428,"Bloqueios",0); INSERT INTO EstatísticaJogador values (209673,1428);
--Estatística 268959
INSERT INTO Estatística values (1429,"Pontos",8); INSERT INTO EstatísticaJogador values (268959,1429);
INSERT INTO Estatística values (1430,"Ressaltos",7); INSERT INTO EstatísticaJogador values (268959,1430);
INSERT INTO Estatística values (1431,"FaltasSofridas",1); INSERT INTO EstatísticaJogador values (268959,1431);
INSERT INTO Estatística values (1432,"FaltasCometidas",2); INSERT INTO EstatísticaJogador values (268959,1432);
INSERT INTO Estatística values (1433,"Assistências",3); INSERT INTO EstatísticaJogador values (268959,1433);
INSERT INTO Estatística values (1434,"Valorização",16); INSERT INTO EstatísticaJogador values (268959,1434);
INSERT INTO Estatística values (1435,"Roubos",0); INSERT INTO EstatísticaJogador values (268959,1435);
INSERT INTO Estatística values (1436,"Minutos",23); INSERT INTO EstatísticaJogador values (268959,1436);
INSERT INTO Estatística values (1437,"Bloqueios",2); INSERT INTO EstatísticaJogador values (268959,1437);
--Estatística 262521
INSERT INTO Estatística values (1438,"Pontos",14); INSERT INTO EstatísticaJogador values (262521,1438);
INSERT INTO Estatística values (1439,"Ressaltos",7); INSERT INTO EstatísticaJogador values (262521,1439);
INSERT INTO Estatística values (1440,"FaltasSofridas",2); INSERT INTO EstatísticaJogador values (262521,1440);
INSERT INTO Estatística values (1441,"FaltasCometidas",3); INSERT INTO EstatísticaJogador values (262521,1441);
INSERT INTO Estatística values (1442,"Assistências",3); INSERT INTO EstatísticaJogador values (262521,1442);
INSERT INTO Estatística values (1443,"Valorização",16); INSERT INTO EstatísticaJogador values (262521,1443);
INSERT INTO Estatística values (1444,"Roubos",1); INSERT INTO EstatísticaJogador values (262521,1444);
INSERT INTO Estatística values (1445,"Minutos",32); INSERT INTO EstatísticaJogador values (262521,1445);
INSERT INTO Estatística values (1446,"Bloqueios",1); INSERT INTO EstatísticaJogador values (262521,1446);
--Estatística 256100
INSERT INTO Estatística values (1447,"Pontos",9); INSERT INTO EstatísticaJogador values (256100,1447);
INSERT INTO Estatística values (1448,"Ressaltos",2); INSERT INTO EstatísticaJogador values (256100,1448);
INSERT INTO Estatística values (1449,"FaltasSofridas",1); INSERT INTO EstatísticaJogador values (256100,1449);
INSERT INTO Estatística values (1450,"FaltasCometidas",5); INSERT INTO EstatísticaJogador values (256100,1450);
INSERT INTO Estatística values (1451,"Assistências",4); INSERT INTO EstatísticaJogador values (256100,1451);
INSERT INTO Estatística values (1452,"Valorização",10); INSERT INTO EstatísticaJogador values (256100,1452);
INSERT INTO Estatística values (1453,"Roubos",0); INSERT INTO EstatísticaJogador values (256100,1453);
INSERT INTO Estatística values (1454,"Minutos",13); INSERT INTO EstatísticaJogador values (256100,1454);
INSERT INTO Estatística values (1455,"Bloqueios",0); INSERT INTO EstatísticaJogador values (256100,1455);
--Estatística 265395
INSERT INTO Estatística values (1456,"Pontos",10); INSERT INTO EstatísticaJogador values (265395,1456);
INSERT INTO Estatística values (1457,"Ressaltos",2); INSERT INTO EstatísticaJogador values (265395,1457);
INSERT INTO Estatística values (1458,"FaltasSofridas",0); INSERT INTO EstatísticaJogador values (265395,1458);
INSERT INTO Estatística values (1459,"FaltasCometidas",1); INSERT INTO EstatísticaJogador values (265395,1459);
INSERT INTO Estatística values (1460,"Assistências",3); INSERT INTO EstatísticaJogador values (265395,1460);
INSERT INTO Estatística values (1461,"Valorização",12); INSERT INTO EstatísticaJogador values (265395,1461);
INSERT INTO Estatística values (1462,"Roubos",0); INSERT INTO EstatísticaJogador values (265395,1462);
INSERT INTO Estatística values (1463,"Minutos",19); INSERT INTO EstatísticaJogador values (265395,1463);
INSERT INTO Estatística values (1464,"Bloqueios",0); INSERT INTO EstatísticaJogador values (265395,1464);
--Estatística 201357
INSERT INTO Estatística values (1465,"Pontos",0); INSERT INTO EstatísticaJogador values (201357,1465);
INSERT INTO Estatística values (1466,"Ressaltos",0); INSERT INTO EstatísticaJogador values (201357,1466);
INSERT INTO Estatística values (1467,"FaltasSofridas",0); INSERT INTO EstatísticaJogador values (201357,1467);
INSERT INTO Estatística values (1468,"FaltasCometidas",0); INSERT INTO EstatísticaJogador values (201357,1468);
INSERT INTO Estatística values (1469,"Assistências",0); INSERT INTO EstatísticaJogador values (201357,1469);
INSERT INTO Estatística values (1470,"Valorização",0); INSERT INTO EstatísticaJogador values (201357,1470);
INSERT INTO Estatística values (1471,"Roubos",0); INSERT INTO EstatísticaJogador values (201357,1471);
INSERT INTO Estatística values (1472,"Minutos",0); INSERT INTO EstatísticaJogador values (201357,1472);
INSERT INTO Estatística values (1473,"Bloqueios",0); INSERT INTO EstatísticaJogador values (201357,1473);
--Estatística Vitória SC
INSERT INTO Estatística values (1474,"Pontos",83); INSERT INTO EstatísticaClube values (52,1474);
INSERT INTO Estatística values (1475,"Ressaltos",35); INSERT INTO EstatísticaClube values (52,1475);
INSERT INTO Estatística values (1476,"FaltasSofridas",13); INSERT INTO EstatísticaClube values (52,1476);
INSERT INTO Estatística values (1477,"FaltasCometidas",21); INSERT INTO EstatísticaClube values (52,1477);
INSERT INTO Estatística values (1478,"Assistências",24); INSERT INTO EstatísticaClube values (52,1478);
INSERT INTO Estatística values (1479,"Valorização",102); INSERT INTO EstatísticaClube values (52,1479);
INSERT INTO Estatística values (1480,"Roubos",10); INSERT INTO EstatísticaClube values (52,1480);
INSERT INTO Estatística values (1481,"Minutos",200); INSERT INTO EstatísticaClube values (52,1481);
INSERT INTO Estatística values (1482,"Bloqueios",3); INSERT INTO EstatísticaClube values (52,1482);
INSERT INTO Estatística values (1483,"Pontos",16); INSERT INTO EstatísticaPontos values (1483,1);
INSERT INTO Estatística values (1484,"Pontos",15); INSERT INTO EstatísticaPontos values (1484,2);
INSERT INTO Estatística values (1485,"Pontos",14); INSERT INTO EstatísticaPontos values (1485,3);
INSERT INTO Estatística values (1486,"Pontos",20); INSERT INTO EstatísticaPontos values (1486,4);

--Jogo Maia BasketxVitória SC
INSERT INTO Jogo values (6,22,"13-03-2021",43, 51, 52);
INSERT INTO ÁrbitrosnoJogo values (50,6);
INSERT INTO ÁrbitrosnoJogo values (51,6);
INSERT INTO ÁrbitrosnoJogo values (52,6);
INSERT INTO ÁrbitrosnoJogo values (53,6);
INSERT INTO ÁrbitrosnoJogo values (54,6);
INSERT INTO ÁrbitrosnoJogo values (55,6);
INSERT INTO ÁrbitrosnoJogo values (56,6);
INSERT INTO ÁrbitrosnoJogo values (57,6);

INSERT INTO EstatísticaJogo values (6,1244);
INSERT INTO EstatísticaJogo values (6,1245);
INSERT INTO EstatísticaJogo values (6,1246);
INSERT INTO EstatísticaJogo values (6,1247);
INSERT INTO EstatísticaJogo values (6,1248);
INSERT INTO EstatísticaJogo values (6,1249);
INSERT INTO EstatísticaJogo values (6,1250);
INSERT INTO EstatísticaJogo values (6,1251);
INSERT INTO EstatísticaJogo values (6,1252);
INSERT INTO EstatísticaJogo values (6,1253);
INSERT INTO EstatísticaJogo values (6,1254);
INSERT INTO EstatísticaJogo values (6,1255);
INSERT INTO EstatísticaJogo values (6,1256);
INSERT INTO EstatísticaJogo values (6,1257);
INSERT INTO EstatísticaJogo values (6,1258);
INSERT INTO EstatísticaJogo values (6,1259);
INSERT INTO EstatísticaJogo values (6,1260);
INSERT INTO EstatísticaJogo values (6,1261);
INSERT INTO EstatísticaJogo values (6,1262);
INSERT INTO EstatísticaJogo values (6,1263);
INSERT INTO EstatísticaJogo values (6,1264);
INSERT INTO EstatísticaJogo values (6,1265);
INSERT INTO EstatísticaJogo values (6,1266);
INSERT INTO EstatísticaJogo values (6,1267);
INSERT INTO EstatísticaJogo values (6,1268);
INSERT INTO EstatísticaJogo values (6,1269);
INSERT INTO EstatísticaJogo values (6,1270);
INSERT INTO EstatísticaJogo values (6,1271);
INSERT INTO EstatísticaJogo values (6,1272);
INSERT INTO EstatísticaJogo values (6,1273);
INSERT INTO EstatísticaJogo values (6,1274);
INSERT INTO EstatísticaJogo values (6,1275);
INSERT INTO EstatísticaJogo values (6,1276);
INSERT INTO EstatísticaJogo values (6,1277);
INSERT INTO EstatísticaJogo values (6,1278);
INSERT INTO EstatísticaJogo values (6,1279);
INSERT INTO EstatísticaJogo values (6,1280);
INSERT INTO EstatísticaJogo values (6,1281);
INSERT INTO EstatísticaJogo values (6,1282);
INSERT INTO EstatísticaJogo values (6,1283);
INSERT INTO EstatísticaJogo values (6,1284);
INSERT INTO EstatísticaJogo values (6,1285);
INSERT INTO EstatísticaJogo values (6,1286);
INSERT INTO EstatísticaJogo values (6,1287);
INSERT INTO EstatísticaJogo values (6,1288);
INSERT INTO EstatísticaJogo values (6,1289);
INSERT INTO EstatísticaJogo values (6,1290);
INSERT INTO EstatísticaJogo values (6,1291);
INSERT INTO EstatísticaJogo values (6,1292);
INSERT INTO EstatísticaJogo values (6,1293);
INSERT INTO EstatísticaJogo values (6,1294);
INSERT INTO EstatísticaJogo values (6,1295);
INSERT INTO EstatísticaJogo values (6,1296);
INSERT INTO EstatísticaJogo values (6,1297);
INSERT INTO EstatísticaJogo values (6,1298);
INSERT INTO EstatísticaJogo values (6,1299);
INSERT INTO EstatísticaJogo values (6,1300);
INSERT INTO EstatísticaJogo values (6,1301);
INSERT INTO EstatísticaJogo values (6,1302);
INSERT INTO EstatísticaJogo values (6,1303);
INSERT INTO EstatísticaJogo values (6,1304);
INSERT INTO EstatísticaJogo values (6,1305);
INSERT INTO EstatísticaJogo values (6,1306);
INSERT INTO EstatísticaJogo values (6,1307);
INSERT INTO EstatísticaJogo values (6,1308);
INSERT INTO EstatísticaJogo values (6,1309);
INSERT INTO EstatísticaJogo values (6,1310);
INSERT INTO EstatísticaJogo values (6,1311);
INSERT INTO EstatísticaJogo values (6,1312);
INSERT INTO EstatísticaJogo values (6,1313);
INSERT INTO EstatísticaJogo values (6,1314);
INSERT INTO EstatísticaJogo values (6,1315);
INSERT INTO EstatísticaJogo values (6,1316);
INSERT INTO EstatísticaJogo values (6,1317);
INSERT INTO EstatísticaJogo values (6,1318);
INSERT INTO EstatísticaJogo values (6,1319);
INSERT INTO EstatísticaJogo values (6,1320);
INSERT INTO EstatísticaJogo values (6,1321);
INSERT INTO EstatísticaJogo values (6,1322);
INSERT INTO EstatísticaJogo values (6,1323);
INSERT INTO EstatísticaJogo values (6,1324);
INSERT INTO EstatísticaJogo values (6,1325);
INSERT INTO EstatísticaJogo values (6,1326);
INSERT INTO EstatísticaJogo values (6,1327);
INSERT INTO EstatísticaJogo values (6,1328);
INSERT INTO EstatísticaJogo values (6,1329);
INSERT INTO EstatísticaJogo values (6,1330);
INSERT INTO EstatísticaJogo values (6,1331);
INSERT INTO EstatísticaJogo values (6,1332);
INSERT INTO EstatísticaJogo values (6,1333);
INSERT INTO EstatísticaJogo values (6,1334);
INSERT INTO EstatísticaJogo values (6,1335);
INSERT INTO EstatísticaJogo values (6,1336);
INSERT INTO EstatísticaJogo values (6,1337);
INSERT INTO EstatísticaJogo values (6,1338);
INSERT INTO EstatísticaJogo values (6,1339);
INSERT INTO EstatísticaJogo values (6,1340);
INSERT INTO EstatísticaJogo values (6,1341);
INSERT INTO EstatísticaJogo values (6,1342);
INSERT INTO EstatísticaJogo values (6,1352);
INSERT INTO EstatísticaJogo values (6,1353);
INSERT INTO EstatísticaJogo values (6,1354);
INSERT INTO EstatísticaJogo values (6,1355);
INSERT INTO EstatísticaJogo values (6,1356);
INSERT INTO EstatísticaJogo values (6,1357);
INSERT INTO EstatísticaJogo values (6,1358);
INSERT INTO EstatísticaJogo values (6,1359);
INSERT INTO EstatísticaJogo values (6,1360);
INSERT INTO EstatísticaJogo values (6,1361);
INSERT INTO EstatísticaJogo values (6,1362);
INSERT INTO EstatísticaJogo values (6,1363);
INSERT INTO EstatísticaJogo values (6,1364);
INSERT INTO EstatísticaJogo values (6,1366);
INSERT INTO EstatísticaJogo values (6,1367);
INSERT INTO EstatísticaJogo values (6,1368);
INSERT INTO EstatísticaJogo values (6,1369);
INSERT INTO EstatísticaJogo values (6,1370);
INSERT INTO EstatísticaJogo values (6,1371);
INSERT INTO EstatísticaJogo values (6,1372);
INSERT INTO EstatísticaJogo values (6,1373);
INSERT INTO EstatísticaJogo values (6,1374);
INSERT INTO EstatísticaJogo values (6,1375);
INSERT INTO EstatísticaJogo values (6,1376);
INSERT INTO EstatísticaJogo values (6,1377);
INSERT INTO EstatísticaJogo values (6,1378);
INSERT INTO EstatísticaJogo values (6,1379);
INSERT INTO EstatísticaJogo values (6,1380);
INSERT INTO EstatísticaJogo values (6,1381);
INSERT INTO EstatísticaJogo values (6,1382);
INSERT INTO EstatísticaJogo values (6,1383);
INSERT INTO EstatísticaJogo values (6,1384);
INSERT INTO EstatísticaJogo values (6,1385);
INSERT INTO EstatísticaJogo values (6,1386);
INSERT INTO EstatísticaJogo values (6,1387);
INSERT INTO EstatísticaJogo values (6,1388);
INSERT INTO EstatísticaJogo values (6,1389);
INSERT INTO EstatísticaJogo values (6,1390);
INSERT INTO EstatísticaJogo values (6,1391);
INSERT INTO EstatísticaJogo values (6,1392);
INSERT INTO EstatísticaJogo values (6,1393);
INSERT INTO EstatísticaJogo values (6,1394);
INSERT INTO EstatísticaJogo values (6,1395);
INSERT INTO EstatísticaJogo values (6,1396);
INSERT INTO EstatísticaJogo values (6,1397);
INSERT INTO EstatísticaJogo values (6,1398);
INSERT INTO EstatísticaJogo values (6,1399);
INSERT INTO EstatísticaJogo values (6,1400);
INSERT INTO EstatísticaJogo values (6,1401);
INSERT INTO EstatísticaJogo values (6,1402);
INSERT INTO EstatísticaJogo values (6,1403);
INSERT INTO EstatísticaJogo values (6,1404);
INSERT INTO EstatísticaJogo values (6,1405);
INSERT INTO EstatísticaJogo values (6,1406);
INSERT INTO EstatísticaJogo values (6,1407);
INSERT INTO EstatísticaJogo values (6,1408);
INSERT INTO EstatísticaJogo values (6,1409);
INSERT INTO EstatísticaJogo values (6,1410);
INSERT INTO EstatísticaJogo values (6,1411);
INSERT INTO EstatísticaJogo values (6,1412);
INSERT INTO EstatísticaJogo values (6,1413);
INSERT INTO EstatísticaJogo values (6,1414);
INSERT INTO EstatísticaJogo values (6,1415);
INSERT INTO EstatísticaJogo values (6,1416);
INSERT INTO EstatísticaJogo values (6,1417);
INSERT INTO EstatísticaJogo values (6,1418);
INSERT INTO EstatísticaJogo values (6,1419);
INSERT INTO EstatísticaJogo values (6,1420);
INSERT INTO EstatísticaJogo values (6,1421);
INSERT INTO EstatísticaJogo values (6,1422);
INSERT INTO EstatísticaJogo values (6,1423);
INSERT INTO EstatísticaJogo values (6,1424);
INSERT INTO EstatísticaJogo values (6,1425);
INSERT INTO EstatísticaJogo values (6,1426);
INSERT INTO EstatísticaJogo values (6,1427);
INSERT INTO EstatísticaJogo values (6,1428);
INSERT INTO EstatísticaJogo values (6,1429);
INSERT INTO EstatísticaJogo values (6,1430);
INSERT INTO EstatísticaJogo values (6,1431);
INSERT INTO EstatísticaJogo values (6,1432);
INSERT INTO EstatísticaJogo values (6,1433);
INSERT INTO EstatísticaJogo values (6,1434);
INSERT INTO EstatísticaJogo values (6,1435);
INSERT INTO EstatísticaJogo values (6,1436);
INSERT INTO EstatísticaJogo values (6,1437);
INSERT INTO EstatísticaJogo values (6,1438);
INSERT INTO EstatísticaJogo values (6,1439);
INSERT INTO EstatísticaJogo values (6,1440);
INSERT INTO EstatísticaJogo values (6,1441);
INSERT INTO EstatísticaJogo values (6,1442);
INSERT INTO EstatísticaJogo values (6,1443);
INSERT INTO EstatísticaJogo values (6,1444);
INSERT INTO EstatísticaJogo values (6,1445);
INSERT INTO EstatísticaJogo values (6,1446);
INSERT INTO EstatísticaJogo values (6,1447);
INSERT INTO EstatísticaJogo values (6,1448);
INSERT INTO EstatísticaJogo values (6,1449);
INSERT INTO EstatísticaJogo values (6,1450);
INSERT INTO EstatísticaJogo values (6,1451);
INSERT INTO EstatísticaJogo values (6,1452);
INSERT INTO EstatísticaJogo values (6,1453);
INSERT INTO EstatísticaJogo values (6,1454);
INSERT INTO EstatísticaJogo values (6,1455);
INSERT INTO EstatísticaJogo values (6,1456);
INSERT INTO EstatísticaJogo values (6,1457);
INSERT INTO EstatísticaJogo values (6,1458);
INSERT INTO EstatísticaJogo values (6,1459);
INSERT INTO EstatísticaJogo values (6,1460);
INSERT INTO EstatísticaJogo values (6,1461);
INSERT INTO EstatísticaJogo values (6,1462);
INSERT INTO EstatísticaJogo values (6,1463);
INSERT INTO EstatísticaJogo values (6,1464);
INSERT INTO EstatísticaJogo values (6,1465);
INSERT INTO EstatísticaJogo values (6,1466);
INSERT INTO EstatísticaJogo values (6,1467);
INSERT INTO EstatísticaJogo values (6,1468);
INSERT INTO EstatísticaJogo values (6,1469);
INSERT INTO EstatísticaJogo values (6,1470);
INSERT INTO EstatísticaJogo values (6,1471);
INSERT INTO EstatísticaJogo values (6,1472);
INSERT INTO EstatísticaJogo values (6,1473);
INSERT INTO EstatísticaJogo values (6,1474);
INSERT INTO EstatísticaJogo values (6,1475);
INSERT INTO EstatísticaJogo values (6,1476);
INSERT INTO EstatísticaJogo values (6,1477);
INSERT INTO EstatísticaJogo values (6,1478);
INSERT INTO EstatísticaJogo values (6,1479);
INSERT INTO EstatísticaJogo values (6,1480);
INSERT INTO EstatísticaJogo values (6,1481);
INSERT INTO EstatísticaJogo values (6,1482);
INSERT INTO EstatísticaJogo values (6,1483);
INSERT INTO EstatísticaJogo values (6,1484);
INSERT INTO EstatísticaJogo values (6,1485);
INSERT INTO EstatísticaJogo values (6,1486);

--Substituições
INSERT INTO Estatística values (1488,"Substituição",26); INSERT INTO EstatísticaSubstituição values (1488,135974,269032);
INSERT INTO Estatística values (1489,"Substituição",11); INSERT INTO EstatísticaSubstituição values (1489,209458,192453);
INSERT INTO Estatística values (1490,"Substituição",15); INSERT INTO EstatísticaSubstituição values (1490,169330,269029);
INSERT INTO Estatística values (1493,"Substituição",24); INSERT INTO EstatísticaSubstituição values (1493,268963,205925);
INSERT INTO Estatística values (1494,"Substituição",34); INSERT INTO EstatísticaSubstituição values (1494,168201,209673);
INSERT INTO Estatística values (1495,"Substituição",27); INSERT INTO EstatísticaSubstituição values (1495,262521,268959);
INSERT INTO Estatística values (1496,"Substituição",29); INSERT INTO EstatísticaSubstituição values (1496,265395,201357);

INSERT INTO EstatísticaJogo values (6,1488);
INSERT INTO EstatísticaJogo values (6,1489);
INSERT INTO EstatísticaJogo values (6,1490);
INSERT INTO EstatísticaJogo values (6,1493);
INSERT INTO EstatísticaJogo values (6,1494);
INSERT INTO EstatísticaJogo values (6,1495);
INSERT INTO EstatísticaJogo values (6,1496);

--Árbitros AcadémicaxImortal
INSERT INTO Árbitro values(1,"Rui José Loureiro Belo","Comissário");
INSERT INTO Árbitro values(2,"Bruno Filipe Lopes Maciel","Árbitro Principal");
INSERT INTO Árbitro values(3,"Diogo Filipe da Silva Morais","Árbitro Auxiliar 1");
INSERT INTO Árbitro values(4,"Sérgio José Marques Salgueiro Adegas","Árbitro Auxiliar 2");
INSERT INTO Árbitro values(5,"Sandra Maria Henriques Alves","Marcador");
INSERT INTO Árbitro values(6,"Joaquim António Inácio da Costa","Marcador Auxiliar");
INSERT INTO Árbitro values(7,"Ana Rita Figueiredo Domingos","Cronometrista");
INSERT INTO Árbitro values(8,"Adriano Alves Mendes","Operador 24 segundos");
--Jogadores Académica
INSERT INTO Jogador values (203149,"Krassimir Pereira","02-02-1995",198,"Portuguesa");
INSERT INTO Jogador values (186858,"Paulo Caldeira","16-05-1999",192,"Portuguesa");
INSERT INTO Jogador values (256123,"Malcolm Richardson","19-03-1994",200,"Americana");
INSERT INTO Jogador values (269580,"Ashford Golden","29-11-1995",198,"Americana");
INSERT INTO Jogador values (268746,"Robert Mccoy","27-02-1997",203,"Americana");
INSERT INTO Jogador values (163662,"Stefan Djukic","18-07-1989",201,"Portuguesa");
INSERT INTO Jogador values (269083,"Joshua Mcnair","07-08-1996",200,"Americana");
INSERT INTO Jogador values (217588,"Daniel Relvão","26-06-1996",208,"Portuguesa");
INSERT INTO Jogador values (271168,"Joseph Laravie","08-09-1997",195,"Americana");
INSERT INTO Jogador values (162544,"André Mendes","06-03-1996",200,"Portuguesa");
INSERT INTO Jogador values (211402,"Gonçalo Moreira","02-04-1998",185,"Portuguesa");
INSERT INTO Jogador values (185088,"João Pragosa","06-08-1996",196,"Portuguesa");

INSERT INTO JogadoresNoClube values (203149,14);
INSERT INTO JogadoresNoClube values (186858,14);
INSERT INTO JogadoresNoClube values (256123,14);
INSERT INTO JogadoresNoClube values (269580,14);
INSERT INTO JogadoresNoClube values (268746,14);
INSERT INTO JogadoresNoClube values (163662,14);
INSERT INTO JogadoresNoClube values (269083,14);
INSERT INTO JogadoresNoClube values (217588,14);
INSERT INTO JogadoresNoClube values (271168,14);
INSERT INTO JogadoresNoClube values (162544,14);
INSERT INTO JogadoresNoClube values (211402,14);
INSERT INTO JogadoresNoClube values (185088,14);
--Estatística 203149
INSERT INTO Estatística values (1,"Pontos",0); INSERT INTO EstatísticaJogador values (203149,1);
INSERT INTO Estatística values (2,"Ressaltos",2); INSERT INTO EstatísticaJogador values (203149,2);
INSERT INTO Estatística values (3,"FaltasSofridas",0); INSERT INTO EstatísticaJogador values (203149,3);
INSERT INTO Estatística values (4,"FaltasCometidas",4); INSERT INTO EstatísticaJogador values (203149,4);
INSERT INTO Estatística values (5,"Assistências",0); INSERT INTO EstatísticaJogador values (203149,5);
INSERT INTO Estatística values (6,"Valorização",1); INSERT INTO EstatísticaJogador values (203149,6);
INSERT INTO Estatística values (7,"Roubos",2); INSERT INTO EstatísticaJogador values (203149,7);
INSERT INTO Estatística values (8,"Minutos",9); INSERT INTO EstatísticaJogador values (203149,8);
INSERT INTO Estatística values (9,"Bloqueios",1); INSERT INTO EstatísticaJogador values (203149,9);
--Estatística 186858
INSERT INTO Estatística values (10,"Pontos",0); INSERT INTO EstatísticaJogador values (186858,10);
INSERT INTO Estatística values (11,"Ressaltos",1); INSERT INTO EstatísticaJogador values (186858,11);
INSERT INTO Estatística values (12,"FaltasSofridas",0); INSERT INTO EstatísticaJogador values (186858,12);
INSERT INTO Estatística values (13,"FaltasCometidas",1); INSERT INTO EstatísticaJogador values (186858,13);
INSERT INTO Estatística values (14,"Assistências",0); INSERT INTO EstatísticaJogador values (186858,14);
INSERT INTO Estatística values (15,"Valorização",0); INSERT INTO EstatísticaJogador values (186858,15);
INSERT INTO Estatística values (16,"Roubos",0); INSERT INTO EstatísticaJogador values (186858,16);
INSERT INTO Estatística values (17,"Minutos",8); INSERT INTO EstatísticaJogador values (186858,17);
INSERT INTO Estatística values (18,"Bloqueios",0); INSERT INTO EstatísticaJogador values (186858,18);
--Estatística 256123
INSERT INTO Estatística values (19,"Pontos",17); INSERT INTO EstatísticaJogador values (256123,19);
INSERT INTO Estatística values (20,"Ressaltos",6); INSERT INTO EstatísticaJogador values (256123,20);
INSERT INTO Estatística values (21,"FaltasSofridas",7); INSERT INTO EstatísticaJogador values (256123,21);
INSERT INTO Estatística values (22,"FaltasCometidas",2); INSERT INTO EstatísticaJogador values (256123,22);
INSERT INTO Estatística values (23,"Assistências",6); INSERT INTO EstatísticaJogador values (256123,23);
INSERT INTO Estatística values (24,"Valorização",24); INSERT INTO EstatísticaJogador values (256123,24);
INSERT INTO Estatística values (25,"Roubos",3); INSERT INTO EstatísticaJogador values (256123,25);
INSERT INTO Estatística values (26,"Minutos",32); INSERT INTO EstatísticaJogador values (256123,26);
INSERT INTO Estatística values (27,"Bloqueios",0); INSERT INTO EstatísticaJogador values (256123,27);
--Estatística 269580
INSERT INTO Estatística values (28,"Pontos",11); INSERT INTO EstatísticaJogador values (269580,28);
INSERT INTO Estatística values (29,"Ressaltos",2); INSERT INTO EstatísticaJogador values (269580,29);
INSERT INTO Estatística values (30,"FaltasSofridas",2); INSERT INTO EstatísticaJogador values (269580,30);
INSERT INTO Estatística values (31,"FaltasCometidas",3); INSERT INTO EstatísticaJogador values (269580,31);
INSERT INTO Estatística values (32,"Assistências",4); INSERT INTO EstatísticaJogador values (269580,32);
INSERT INTO Estatística values (33,"Valorização",7); INSERT INTO EstatísticaJogador values (269580,33);
INSERT INTO Estatística values (34,"Roubos",2); INSERT INTO EstatísticaJogador values (269580,34);
INSERT INTO Estatística values (35,"Minutos",32); INSERT INTO EstatísticaJogador values (269580,35);
INSERT INTO Estatística values (36,"Bloqueios",0); INSERT INTO EstatísticaJogador values (269580,36);
--Estatística 268746
INSERT INTO Estatística values (37,"Pontos",9); INSERT INTO EstatísticaJogador values (268746,37);
INSERT INTO Estatística values (38,"Ressaltos",0); INSERT INTO EstatísticaJogador values (268746,38);
INSERT INTO Estatística values (39,"FaltasSofridas",3); INSERT INTO EstatísticaJogador values (268746,39);
INSERT INTO Estatística values (40,"FaltasCometidas",3); INSERT INTO EstatísticaJogador values (268746,40);
INSERT INTO Estatística values (41,"Assistências",4); INSERT INTO EstatísticaJogador values (268746,41);
INSERT INTO Estatística values (42,"Valorização",8); INSERT INTO EstatísticaJogador values (268746,42);
INSERT INTO Estatística values (43,"Roubos",2); INSERT INTO EstatísticaJogador values (268746,43);
INSERT INTO Estatística values (44,"Minutos",28); INSERT INTO EstatísticaJogador values (268746,44);
INSERT INTO Estatística values (45,"Bloqueios",0); INSERT INTO EstatísticaJogador values (268746,45);
--Estatística 163662
INSERT INTO Estatística values (46,"Pontos",4); INSERT INTO EstatísticaJogador values (163662,46);
INSERT INTO Estatística values (47,"Ressaltos",8); INSERT INTO EstatísticaJogador values (163662,47);
INSERT INTO Estatística values (48,"FaltasSofridas",2); INSERT INTO EstatísticaJogador values (163662,48);
INSERT INTO Estatística values (49,"FaltasCometidas",2); INSERT INTO EstatísticaJogador values (163662,49);
INSERT INTO Estatística values (50,"Assistências",0); INSERT INTO EstatísticaJogador values (163662,50);
INSERT INTO Estatística values (51,"Valorização",9); INSERT INTO EstatísticaJogador values (163662,51);
INSERT INTO Estatística values (52,"Roubos",1); INSERT INTO EstatísticaJogador values (163662,52);
INSERT INTO Estatística values (53,"Minutos",16); INSERT INTO EstatísticaJogador values (163662,53);
INSERT INTO Estatística values (54,"Bloqueios",0); INSERT INTO EstatísticaJogador values (163662,54);
--Estatística 269083
INSERT INTO Estatística values (55,"Pontos",13); INSERT INTO EstatísticaJogador values (269083,55);
INSERT INTO Estatística values (56,"Ressaltos",4); INSERT INTO EstatísticaJogador values (269083,56);
INSERT INTO Estatística values (57,"FaltasSofridas",1); INSERT INTO EstatísticaJogador values (269083,57);
INSERT INTO Estatística values (58,"FaltasCometidas",5); INSERT INTO EstatísticaJogador values (269083,58);
INSERT INTO Estatística values (59,"Assistências",2); INSERT INTO EstatísticaJogador values (269083,59);
INSERT INTO Estatística values (60,"Valorização",13); INSERT INTO EstatísticaJogador values (269083,60);
INSERT INTO Estatística values (61,"Roubos",0); INSERT INTO EstatísticaJogador values (269083,61);
INSERT INTO Estatística values (62,"Minutos",24); INSERT INTO EstatísticaJogador values (269083,62);
INSERT INTO Estatística values (63,"Bloqueios",0); INSERT INTO EstatísticaJogador values (269083,63);
--Estatística 217588
INSERT INTO Estatística values (64,"Pontos",8); INSERT INTO EstatísticaJogador values (217588,64);
INSERT INTO Estatística values (65,"Ressaltos",12); INSERT INTO EstatísticaJogador values (217588,65);
INSERT INTO Estatística values (66,"FaltasSofridas",3); INSERT INTO EstatísticaJogador values (217588,66);
INSERT INTO Estatística values (67,"FaltasCometidas",0); INSERT INTO EstatísticaJogador values (217588,67);
INSERT INTO Estatística values (68,"Assistências",2); INSERT INTO EstatísticaJogador values (217588,68);
INSERT INTO Estatística values (69,"Valorização",16); INSERT INTO EstatísticaJogador values (217588,69);
INSERT INTO Estatística values (70,"Roubos",0); INSERT INTO EstatísticaJogador values (217588,70);
INSERT INTO Estatística values (71,"Minutos",35); INSERT INTO EstatísticaJogador values (217588,71);
INSERT INTO Estatística values (72,"Bloqueios",1); INSERT INTO EstatísticaJogador values (217588,72);
--Estatística 271168
INSERT INTO Estatística values (73,"Pontos",0); INSERT INTO EstatísticaJogador values (271168,73);
INSERT INTO Estatística values (74,"Ressaltos",0); INSERT INTO EstatísticaJogador values (271168,74);
INSERT INTO Estatística values (75,"FaltasSofridas",0); INSERT INTO EstatísticaJogador values (271168,75);
INSERT INTO Estatística values (76,"FaltasCometidas",0); INSERT INTO EstatísticaJogador values (271168,76);
INSERT INTO Estatística values (77,"Assistências",0); INSERT INTO EstatísticaJogador values (271168,77);
INSERT INTO Estatística values (78,"Valorização",0); INSERT INTO EstatísticaJogador values (271168,78);
INSERT INTO Estatística values (79,"Roubos",0); INSERT INTO EstatísticaJogador values (271168,79);
INSERT INTO Estatística values (80,"Minutos",7); INSERT INTO EstatísticaJogador values (271168,80);
INSERT INTO Estatística values (81,"Bloqueios",0); INSERT INTO EstatísticaJogador values (271168,81);
--Estatística 162544
INSERT INTO Estatística values (82,"Pontos",0); INSERT INTO EstatísticaJogador values (162544,82);
INSERT INTO Estatística values (83,"Ressaltos",1); INSERT INTO EstatísticaJogador values (162544,83);
INSERT INTO Estatística values (84,"FaltasSofridas",0); INSERT INTO EstatísticaJogador values (162544,84);
INSERT INTO Estatística values (85,"FaltasCometidas",1); INSERT INTO EstatísticaJogador values (162544,85);
INSERT INTO Estatística values (86,"Assistências",0); INSERT INTO EstatísticaJogador values (162544,86);
INSERT INTO Estatística values (87,"Valorização",1); INSERT INTO EstatísticaJogador values (162544,87);
INSERT INTO Estatística values (88,"Roubos",0); INSERT INTO EstatísticaJogador values (162544,88);
INSERT INTO Estatística values (89,"Minutos",7); INSERT INTO EstatísticaJogador values (162544,89);
INSERT INTO Estatística values (90,"Bloqueios",0); INSERT INTO EstatísticaJogador values (162544,90);
--Estatística 211402
INSERT INTO Estatística values (91,"Pontos",0); INSERT INTO EstatísticaJogador values (211402,91);
INSERT INTO Estatística values (92,"Ressaltos",0); INSERT INTO EstatísticaJogador values (211402,92);
INSERT INTO Estatística values (93,"FaltasSofridas",0); INSERT INTO EstatísticaJogador values (211402,93);
INSERT INTO Estatística values (94,"FaltasCometidas",0); INSERT INTO EstatísticaJogador values (211402,94);
INSERT INTO Estatística values (95,"Assistências",0); INSERT INTO EstatísticaJogador values (211402,95);
INSERT INTO Estatística values (96,"Valorização",0); INSERT INTO EstatísticaJogador values (211402,96);
INSERT INTO Estatística values (97,"Roubos",0); INSERT INTO EstatísticaJogador values (211402,97);
INSERT INTO Estatística values (98,"Minutos",0); INSERT INTO EstatísticaJogador values (211402,98);
INSERT INTO Estatística values (99,"Bloqueios",0); INSERT INTO EstatísticaJogador values (211402,99);
--Estatística 185088
INSERT INTO Estatística values (100,"Pontos",0); INSERT INTO EstatísticaJogador values (185088,100);
INSERT INTO Estatística values (101,"Ressaltos",0); INSERT INTO EstatísticaJogador values (185088,101);
INSERT INTO Estatística values (102,"FaltasSofridas",0); INSERT INTO EstatísticaJogador values (185088,102);
INSERT INTO Estatística values (103,"FaltasCometidas",0); INSERT INTO EstatísticaJogador values (185088,103);
INSERT INTO Estatística values (104,"Assistências",0); INSERT INTO EstatísticaJogador values (185088,104);
INSERT INTO Estatística values (105,"Valorização",0); INSERT INTO EstatísticaJogador values (185088,105);
INSERT INTO Estatística values (106,"Roubos",0); INSERT INTO EstatísticaJogador values (185088,106);
INSERT INTO Estatística values (107,"Minutos",0); INSERT INTO EstatísticaJogador values (185088,107);
INSERT INTO Estatística values (108,"Bloqueios",0); INSERT INTO EstatísticaJogador values (185088,108);
--Estatística Académica
INSERT INTO Estatística values (109,"Pontos",62); INSERT INTO EstatísticaClube values (14,109);
INSERT INTO Estatística values (110,"Ressaltos",38); INSERT INTO EstatísticaClube values (14,110);
INSERT INTO Estatística values (111,"FaltasSofridas",18); INSERT INTO EstatísticaClube values (14,111);
INSERT INTO Estatística values (112,"FaltasCometidas",21); INSERT INTO EstatísticaClube values (14,112);
INSERT INTO Estatística values (113,"Assistências",18); INSERT INTO EstatísticaClube values (14,113);
INSERT INTO Estatística values (114,"Valorização",71); INSERT INTO EstatísticaClube values (14,114);
INSERT INTO Estatística values (115,"Roubos",10); INSERT INTO EstatísticaClube values (14,115);
INSERT INTO Estatística values (116,"Minutos",200); INSERT INTO EstatísticaClube values (14,116);
INSERT INTO Estatística values (117,"Bloqueios",1); INSERT INTO EstatísticaClube values (14,117);
INSERT INTO Estatística values (236,"Pontos",19); INSERT INTO EstatísticaPontos values (236,1);
INSERT INTO Estatística values (237,"Pontos",15); INSERT INTO EstatísticaPontos values (237,2);
INSERT INTO Estatística values (238,"Pontos",12); INSERT INTO EstatísticaPontos values (238,3);
INSERT INTO Estatística values (239,"Pontos",16); INSERT INTO EstatísticaPontos values (239,4);
--Jogadores Imortal
INSERT INTO Jogador values (213694,"Jason Catarino","23-02-2003",194,"Portuguesa");
INSERT INTO Jogador values (271126,"Jalen Jnekins","02-09-1994",201,"Americana");
INSERT INTO Jogador values (214063,"Manuel Magalhães","31-08-2002",187,"Portuguesa");
INSERT INTO Jogador values (268824,"Derrick Fenner Jr.","07-12-1993",198,"Americana");
INSERT INTO Jogador values (168802,"Hugo Sotta","15-07-1993",201,"Portuguesa");
INSERT INTO Jogador values (151165,"Nuno Morais","06-02-1990",190,"Portuguesa");
INSERT INTO Jogador values (166708,"António Monteiro","02-04-1989",204,"Angolana");
INSERT INTO Jogador values (262570,"Tanner Omlid","02-12-1993",191,"Americana");
INSERT INTO Jogador values (220987,"João Rodrigues","22-01-2004",198,"Portuguesa");
INSERT INTO Jogador values (193259,"João Neves","16-12-1999",202,"Portuguesa");
INSERT INTO Jogador values (268823,"Tyrese Marshall","26-06-1997",205,"Americana");
INSERT INTO Jogador values (154557,"Miguel Toreia","27-11-1993",180,"Portuguesa");

INSERT INTO JogadoresNoClube values (213694,7);
INSERT INTO JogadoresNoClube values (271126,7);
INSERT INTO JogadoresNoClube values (214063,7);
INSERT INTO JogadoresNoClube values (268824,7);
INSERT INTO JogadoresNoClube values (168802,7);
INSERT INTO JogadoresNoClube values (151165,7);
INSERT INTO JogadoresNoClube values (166708,7);
INSERT INTO JogadoresNoClube values (262570,7);
INSERT INTO JogadoresNoClube values (220987,7);
INSERT INTO JogadoresNoClube values (193259,7);
INSERT INTO JogadoresNoClube values (268823,7);
INSERT INTO JogadoresNoClube values (154557,7);
--Estatística 213694
INSERT INTO Estatística values (118,"Pontos",0); INSERT INTO EstatísticaJogador values (213694,118);
INSERT INTO Estatística values (119,"Ressaltos",0); INSERT INTO EstatísticaJogador values (213694,119);
INSERT INTO Estatística values (120,"FaltasSofridas",0); INSERT INTO EstatísticaJogador values (213694,120);
INSERT INTO Estatística values (121,"FaltasCometidas",0); INSERT INTO EstatísticaJogador values (213694,121);
INSERT INTO Estatística values (122,"Assistências",0); INSERT INTO EstatísticaJogador values (213694,122);
INSERT INTO Estatística values (123,"Valorização",0); INSERT INTO EstatísticaJogador values (213694,123);
INSERT INTO Estatística values (124,"Roubos",0); INSERT INTO EstatísticaJogador values (213694,124);
INSERT INTO Estatística values (125,"Minutos",0); INSERT INTO EstatísticaJogador values (213694,125);
INSERT INTO Estatística values (126,"Bloqueios",0); INSERT INTO EstatísticaJogador values (213694,126);
--Estatística 271126
INSERT INTO Estatística values (127,"Pontos",12); INSERT INTO EstatísticaJogador values (271126,127);
INSERT INTO Estatística values (128,"Ressaltos",11); INSERT INTO EstatísticaJogador values (271126,128);
INSERT INTO Estatística values (129,"FaltasSofridas",1); INSERT INTO EstatísticaJogador values (271126,129);
INSERT INTO Estatística values (130,"FaltasCometidas",2); INSERT INTO EstatísticaJogador values (271126,130);
INSERT INTO Estatística values (131,"Assistências",4); INSERT INTO EstatísticaJogador values (271126,131);
INSERT INTO Estatística values (132,"Valorização",24); INSERT INTO EstatísticaJogador values (271126,132);
INSERT INTO Estatística values (133,"Roubos",1); INSERT INTO EstatísticaJogador values (271126,133);
INSERT INTO Estatística values (134,"Minutos",40); INSERT INTO EstatísticaJogador values (271126,134);
INSERT INTO Estatística values (135,"Bloqueios",2); INSERT INTO EstatísticaJogador values (271126,135);
--Estatística 214063
INSERT INTO Estatística values (136,"Pontos",0); INSERT INTO EstatísticaJogador values (214063,136);
INSERT INTO Estatística values (137,"Ressaltos",0); INSERT INTO EstatísticaJogador values (214063,137);
INSERT INTO Estatística values (138,"FaltasSofridas",0); INSERT INTO EstatísticaJogador values (214063,138);
INSERT INTO Estatística values (139,"FaltasCometidas",0); INSERT INTO EstatísticaJogador values (214063,139);
INSERT INTO Estatística values (140,"Assistências",0); INSERT INTO EstatísticaJogador values (214063,140);
INSERT INTO Estatística values (141,"Valorização",0); INSERT INTO EstatísticaJogador values (214063,141);
INSERT INTO Estatística values (142,"Roubos",0); INSERT INTO EstatísticaJogador values (214063,142);
INSERT INTO Estatística values (143,"Minutos",0); INSERT INTO EstatísticaJogador values (214063,143);
INSERT INTO Estatística values (144,"Bloqueios",0); INSERT INTO EstatísticaJogador values (214063,144);
--Estatística 268824
INSERT INTO Estatística values (145,"Pontos",19); INSERT INTO EstatísticaJogador values (268824,145);
INSERT INTO Estatística values (146,"Ressaltos",4); INSERT INTO EstatísticaJogador values (268824,146);
INSERT INTO Estatística values (147,"FaltasSofridas",3); INSERT INTO EstatísticaJogador values (268824,147);
INSERT INTO Estatística values (148,"FaltasCometidas",4); INSERT INTO EstatísticaJogador values (268824,148);
INSERT INTO Estatística values (149,"Assistências",1); INSERT INTO EstatísticaJogador values (268824,149);
INSERT INTO Estatística values (150,"Valorização",5); INSERT INTO EstatísticaJogador values (268824,150);
INSERT INTO Estatística values (151,"Roubos",0); INSERT INTO EstatísticaJogador values (268824,151);
INSERT INTO Estatística values (152,"Minutos",35); INSERT INTO EstatísticaJogador values (268824,152);
INSERT INTO Estatística values (153,"Bloqueios",0); INSERT INTO EstatísticaJogador values (268824,153);
--Estatística 168802
INSERT INTO Estatística values (154,"Pontos",0); INSERT INTO EstatísticaJogador values (168802,154);
INSERT INTO Estatística values (155,"Ressaltos",0); INSERT INTO EstatísticaJogador values (168802,155);
INSERT INTO Estatística values (156,"FaltasSofridas",0); INSERT INTO EstatísticaJogador values (168802,156);
INSERT INTO Estatística values (157,"FaltasCometidas",0); INSERT INTO EstatísticaJogador values (168802,157);
INSERT INTO Estatística values (158,"Assistências",0); INSERT INTO EstatísticaJogador values (168802,158);
INSERT INTO Estatística values (159,"Valorização",0); INSERT INTO EstatísticaJogador values (168802,159);
INSERT INTO Estatística values (160,"Roubos",0); INSERT INTO EstatísticaJogador values (168802,160);
INSERT INTO Estatística values (161,"Minutos",0); INSERT INTO EstatísticaJogador values (168802,161);
INSERT INTO Estatística values (162,"Bloqueios",0); INSERT INTO EstatísticaJogador values (168802,162);
--Estatística 151165
INSERT INTO Estatística values (163,"Pontos",6); INSERT INTO EstatísticaJogador values (151165,163);
INSERT INTO Estatística values (164,"Ressaltos",2); INSERT INTO EstatísticaJogador values (151165,164);
INSERT INTO Estatística values (165,"FaltasSofridas",1); INSERT INTO EstatísticaJogador values (151165,165);
INSERT INTO Estatística values (166,"FaltasCometidas",3); INSERT INTO EstatísticaJogador values (151165,166);
INSERT INTO Estatística values (167,"Assistências",2); INSERT INTO EstatísticaJogador values (151165,167);
INSERT INTO Estatística values (168,"Valorização",6); INSERT INTO EstatísticaJogador values (151165,168);
INSERT INTO Estatística values (169,"Roubos",0); INSERT INTO EstatísticaJogador values (151165,169);
INSERT INTO Estatística values (170,"Minutos",27); INSERT INTO EstatísticaJogador values (151165,170);
INSERT INTO Estatística values (171,"Bloqueios",0); INSERT INTO EstatísticaJogador values (151165,171);
--Estatística 166708
INSERT INTO Estatística values (172,"Pontos",14); INSERT INTO EstatísticaJogador values (166708,172);
INSERT INTO Estatística values (173,"Ressaltos",9); INSERT INTO EstatísticaJogador values (166708,173);
INSERT INTO Estatística values (174,"FaltasSofridas",6); INSERT INTO EstatísticaJogador values (166708,174);
INSERT INTO Estatística values (175,"FaltasCometidas",3); INSERT INTO EstatísticaJogador values (166708,175);
INSERT INTO Estatística values (176,"Assistências",2); INSERT INTO EstatísticaJogador values (166708,176);
INSERT INTO Estatística values (177,"Valorização",21); INSERT INTO EstatísticaJogador values (166708,177);
INSERT INTO Estatística values (178,"Roubos",2); INSERT INTO EstatísticaJogador values (166708,178);
INSERT INTO Estatística values (179,"Minutos",39); INSERT INTO EstatísticaJogador values (166708,179);
INSERT INTO Estatística values (180,"Bloqueios",0); INSERT INTO EstatísticaJogador values (166708,180);
--Estatística 262570
INSERT INTO Estatística values (181,"Pontos",19); INSERT INTO EstatísticaJogador values (262570,181);
INSERT INTO Estatística values (182,"Ressaltos",8); INSERT INTO EstatísticaJogador values (262570,182);
INSERT INTO Estatística values (183,"FaltasSofridas",6); INSERT INTO EstatísticaJogador values (262570,183);
INSERT INTO Estatística values (184,"FaltasCometidas",5); INSERT INTO EstatísticaJogador values (262570,184);
INSERT INTO Estatística values (185,"Assistências",5); INSERT INTO EstatísticaJogador values (262570,185);
INSERT INTO Estatística values (186,"Valorização",26); INSERT INTO EstatísticaJogador values (262570,186);
INSERT INTO Estatística values (187,"Roubos",4); INSERT INTO EstatísticaJogador values (262570,187);
INSERT INTO Estatística values (189,"Minutos",28); INSERT INTO EstatísticaJogador values (262570,189);
INSERT INTO Estatística values (190,"Bloqueios",1); INSERT INTO EstatísticaJogador values (262570,190);
--Estatística 220987
INSERT INTO Estatística values (191,"Pontos",0); INSERT INTO EstatísticaJogador values (220987,191);
INSERT INTO Estatística values (192,"Ressaltos",0); INSERT INTO EstatísticaJogador values (220987,192);
INSERT INTO Estatística values (193,"FaltasSofridas",0); INSERT INTO EstatísticaJogador values (220987,193);
INSERT INTO Estatística values (194,"FaltasCometidas",0); INSERT INTO EstatísticaJogador values (220987,194);
INSERT INTO Estatística values (195,"Assistências",0); INSERT INTO EstatísticaJogador values (220987,195);
INSERT INTO Estatística values (196,"Valorização",0); INSERT INTO EstatísticaJogador values (220987,196);
INSERT INTO Estatística values (197,"Roubos",0); INSERT INTO EstatísticaJogador values (220987,197);
INSERT INTO Estatística values (198,"Minutos",0); INSERT INTO EstatísticaJogador values (220987,198);
INSERT INTO Estatística values (199,"Bloqueios",0); INSERT INTO EstatísticaJogador values (220987,199);
--Estatística 193259
INSERT INTO Estatística values (200,"Pontos",0); INSERT INTO EstatísticaJogador values (193259,200);
INSERT INTO Estatística values (201,"Ressaltos",0); INSERT INTO EstatísticaJogador values (193259,201);
INSERT INTO Estatística values (202,"FaltasSofridas",0); INSERT INTO EstatísticaJogador values (193259,202);
INSERT INTO Estatística values (203,"FaltasCometidas",0); INSERT INTO EstatísticaJogador values (193259,203);
INSERT INTO Estatística values (204,"Assistências",0); INSERT INTO EstatísticaJogador values (193259,204);
INSERT INTO Estatística values (205,"Valorização",0); INSERT INTO EstatísticaJogador values (193259,205);
INSERT INTO Estatística values (206,"Roubos",0); INSERT INTO EstatísticaJogador values (193259,206);
INSERT INTO Estatística values (207,"Minutos",0); INSERT INTO EstatísticaJogador values (193259,207);
INSERT INTO Estatística values (208,"Bloqueios",0); INSERT INTO EstatísticaJogador values (193259,208);
--Estatística 268823
INSERT INTO Estatística values (209,"Pontos",2); INSERT INTO EstatísticaJogador values (268823,209);
INSERT INTO Estatística values (210,"Ressaltos",0); INSERT INTO EstatísticaJogador values (268823,210);
INSERT INTO Estatística values (211,"FaltasSofridas",1); INSERT INTO EstatísticaJogador values (268823,211);
INSERT INTO Estatística values (212,"FaltasCometidas",1); INSERT INTO EstatísticaJogador values (268823,212);
INSERT INTO Estatística values (213,"Assistências",1); INSERT INTO EstatísticaJogador values (268823,213);
INSERT INTO Estatística values (214,"Valorização",1); INSERT INTO EstatísticaJogador values (268823,214);
INSERT INTO Estatística values (215,"Roubos",0); INSERT INTO EstatísticaJogador values (268823,215);
INSERT INTO Estatística values (216,"Minutos",13); INSERT INTO EstatísticaJogador values (268823,216);
INSERT INTO Estatística values (217,"Bloqueios",0); INSERT INTO EstatísticaJogador values (268823,217);
--Estatística 154557
INSERT INTO Estatística values (218,"Pontos",2); INSERT INTO EstatísticaJogador values (154557,218);
INSERT INTO Estatística values (219,"Ressaltos",3); INSERT INTO EstatísticaJogador values (154557,219);
INSERT INTO Estatística values (220,"FaltasSofridas",3); INSERT INTO EstatísticaJogador values (154557,220);
INSERT INTO Estatística values (221,"FaltasCometidas",2); INSERT INTO EstatísticaJogador values (154557,221);
INSERT INTO Estatística values (222,"Assistências",2); INSERT INTO EstatísticaJogador values (154557,222);
INSERT INTO Estatística values (223,"Valorização",2); INSERT INTO EstatísticaJogador values (154557,223);
INSERT INTO Estatística values (224,"Roubos",0); INSERT INTO EstatísticaJogador values (154557,224);
INSERT INTO Estatística values (225,"Minutos",18); INSERT INTO EstatísticaJogador values (154557,225);
INSERT INTO Estatística values (226,"Bloqueios",0); INSERT INTO EstatísticaJogador values (154557,226);
--Estatística Imortal
INSERT INTO Estatística values (227,"Pontos",74); INSERT INTO EstatísticaClube values (7,227);
INSERT INTO Estatística values (228,"Ressaltos",39); INSERT INTO EstatísticaClube values (7,228);
INSERT INTO Estatística values (229,"FaltasSofridas",21); INSERT INTO EstatísticaClube values (7,229);
INSERT INTO Estatística values (230,"FaltasCometidas",20); INSERT INTO EstatísticaClube values (7,230);
INSERT INTO Estatística values (231,"Assistências",17); INSERT INTO EstatísticaClube values (7,231);
INSERT INTO Estatística values (232,"Valorização",85); INSERT INTO EstatísticaClube values (7,232);
INSERT INTO Estatística values (233,"Roubos",7); INSERT INTO EstatísticaClube values (7,233);
INSERT INTO Estatística values (234,"Minutos",200); INSERT INTO EstatísticaClube values (7,234);
INSERT INTO Estatística values (235,"Bloqueios",3); INSERT INTO EstatísticaClube values (7,235);
INSERT INTO Estatística values (240,"Pontos",20); INSERT INTO EstatísticaPontos values (240,1);
INSERT INTO Estatística values (241,"Pontos",16); INSERT INTO EstatísticaPontos values (241,2);
INSERT INTO Estatística values (242,"Pontos",15); INSERT INTO EstatísticaPontos values (242,3);
INSERT INTO Estatística values (243,"Pontos",23); INSERT INTO EstatísticaPontos values (243,4);

--Jogo AcadémicaxImortal
INSERT INTO Jogo values (1,23,"19-03-2021",13,14,7);

INSERT INTO ÁrbitrosnoJogo values (1,1);
INSERT INTO ÁrbitrosnoJogo values (2,1);
INSERT INTO ÁrbitrosnoJogo values (3,1);
INSERT INTO ÁrbitrosnoJogo values (4,1);
INSERT INTO ÁrbitrosnoJogo values (5,1);
INSERT INTO ÁrbitrosnoJogo values (6,1);
INSERT INTO ÁrbitrosnoJogo values (7,1);
INSERT INTO ÁrbitrosnoJogo values (8,1);
INSERT INTO ÁrbitrosnoJogo values (2,3);

INSERT INTO EstatísticaJogo values (1,1);
INSERT INTO EstatísticaJogo values (1,2);
INSERT INTO EstatísticaJogo values (1,3);
INSERT INTO EstatísticaJogo values (1,4);
INSERT INTO EstatísticaJogo values (1,5);
INSERT INTO EstatísticaJogo values (1,6);
INSERT INTO EstatísticaJogo values (1,7);
INSERT INTO EstatísticaJogo values (1,8);
INSERT INTO EstatísticaJogo values (1,9);
INSERT INTO EstatísticaJogo values (1,10);
INSERT INTO EstatísticaJogo values (1,11);
INSERT INTO EstatísticaJogo values (1,12);
INSERT INTO EstatísticaJogo values (1,13);
INSERT INTO EstatísticaJogo values (1,14);
INSERT INTO EstatísticaJogo values (1,15);
INSERT INTO EstatísticaJogo values (1,16);
INSERT INTO EstatísticaJogo values (1,17);
INSERT INTO EstatísticaJogo values (1,18);
INSERT INTO EstatísticaJogo values (1,19);
INSERT INTO EstatísticaJogo values (1,20);
INSERT INTO EstatísticaJogo values (1,21);
INSERT INTO EstatísticaJogo values (1,22);
INSERT INTO EstatísticaJogo values (1,23);
INSERT INTO EstatísticaJogo values (1,24);
INSERT INTO EstatísticaJogo values (1,25);
INSERT INTO EstatísticaJogo values (1,26);
INSERT INTO EstatísticaJogo values (1,27);
INSERT INTO EstatísticaJogo values (1,28);
INSERT INTO EstatísticaJogo values (1,29);
INSERT INTO EstatísticaJogo values (1,30);
INSERT INTO EstatísticaJogo values (1,31);
INSERT INTO EstatísticaJogo values (1,32);
INSERT INTO EstatísticaJogo values (1,33);
INSERT INTO EstatísticaJogo values (1,34);
INSERT INTO EstatísticaJogo values (1,35);
INSERT INTO EstatísticaJogo values (1,36);
INSERT INTO EstatísticaJogo values (1,37);
INSERT INTO EstatísticaJogo values (1,38);
INSERT INTO EstatísticaJogo values (1,39);
INSERT INTO EstatísticaJogo values (1,40);
INSERT INTO EstatísticaJogo values (1,41);
INSERT INTO EstatísticaJogo values (1,42);
INSERT INTO EstatísticaJogo values (1,43);
INSERT INTO EstatísticaJogo values (1,44);
INSERT INTO EstatísticaJogo values (1,45);
INSERT INTO EstatísticaJogo values (1,46);
INSERT INTO EstatísticaJogo values (1,47);
INSERT INTO EstatísticaJogo values (1,48);
INSERT INTO EstatísticaJogo values (1,49);
INSERT INTO EstatísticaJogo values (1,50);
INSERT INTO EstatísticaJogo values (1,51);
INSERT INTO EstatísticaJogo values (1,52);
INSERT INTO EstatísticaJogo values (1,53);
INSERT INTO EstatísticaJogo values (1,54);
INSERT INTO EstatísticaJogo values (1,55);
INSERT INTO EstatísticaJogo values (1,56);
INSERT INTO EstatísticaJogo values (1,57);
INSERT INTO EstatísticaJogo values (1,58);
INSERT INTO EstatísticaJogo values (1,59);
INSERT INTO EstatísticaJogo values (1,60);
INSERT INTO EstatísticaJogo values (1,61);
INSERT INTO EstatísticaJogo values (1,62);
INSERT INTO EstatísticaJogo values (1,63);
INSERT INTO EstatísticaJogo values (1,64);
INSERT INTO EstatísticaJogo values (1,65);
INSERT INTO EstatísticaJogo values (1,66);
INSERT INTO EstatísticaJogo values (1,67);
INSERT INTO EstatísticaJogo values (1,68);
INSERT INTO EstatísticaJogo values (1,69);
INSERT INTO EstatísticaJogo values (1,70);
INSERT INTO EstatísticaJogo values (1,71);
INSERT INTO EstatísticaJogo values (1,72);
INSERT INTO EstatísticaJogo values (1,73);
INSERT INTO EstatísticaJogo values (1,74);
INSERT INTO EstatísticaJogo values (1,75);
INSERT INTO EstatísticaJogo values (1,76);
INSERT INTO EstatísticaJogo values (1,77);
INSERT INTO EstatísticaJogo values (1,78);
INSERT INTO EstatísticaJogo values (1,79);
INSERT INTO EstatísticaJogo values (1,80);
INSERT INTO EstatísticaJogo values (1,81);
INSERT INTO EstatísticaJogo values (1,82);
INSERT INTO EstatísticaJogo values (1,83);
INSERT INTO EstatísticaJogo values (1,84);
INSERT INTO EstatísticaJogo values (1,85);
INSERT INTO EstatísticaJogo values (1,86);
INSERT INTO EstatísticaJogo values (1,87);
INSERT INTO EstatísticaJogo values (1,88);
INSERT INTO EstatísticaJogo values (1,89);
INSERT INTO EstatísticaJogo values (1,90);
INSERT INTO EstatísticaJogo values (1,91);
INSERT INTO EstatísticaJogo values (1,92);
INSERT INTO EstatísticaJogo values (1,93);
INSERT INTO EstatísticaJogo values (1,94);
INSERT INTO EstatísticaJogo values (1,95);
INSERT INTO EstatísticaJogo values (1,96);
INSERT INTO EstatísticaJogo values (1,97);
INSERT INTO EstatísticaJogo values (1,98);
INSERT INTO EstatísticaJogo values (1,99);
INSERT INTO EstatísticaJogo values (1,100);
INSERT INTO EstatísticaJogo values (1,101);
INSERT INTO EstatísticaJogo values (1,102);
INSERT INTO EstatísticaJogo values (1,103);
INSERT INTO EstatísticaJogo values (1,104);
INSERT INTO EstatísticaJogo values (1,105);
INSERT INTO EstatísticaJogo values (1,106);
INSERT INTO EstatísticaJogo values (1,107);
INSERT INTO EstatísticaJogo values (1,108);
INSERT INTO EstatísticaJogo values (1,109);
INSERT INTO EstatísticaJogo values (1,110);
INSERT INTO EstatísticaJogo values (1,111);
INSERT INTO EstatísticaJogo values (1,112);
INSERT INTO EstatísticaJogo values (1,113);
INSERT INTO EstatísticaJogo values (1,114);
INSERT INTO EstatísticaJogo values (1,115);
INSERT INTO EstatísticaJogo values (1,116);
INSERT INTO EstatísticaJogo values (1,117);
INSERT INTO EstatísticaJogo values (1,118);
INSERT INTO EstatísticaJogo values (1,119);
INSERT INTO EstatísticaJogo values (1,120);
INSERT INTO EstatísticaJogo values (1,121);
INSERT INTO EstatísticaJogo values (1,122);
INSERT INTO EstatísticaJogo values (1,123);
INSERT INTO EstatísticaJogo values (1,124);
INSERT INTO EstatísticaJogo values (1,125);
INSERT INTO EstatísticaJogo values (1,126);
INSERT INTO EstatísticaJogo values (1,127);
INSERT INTO EstatísticaJogo values (1,128);
INSERT INTO EstatísticaJogo values (1,129);
INSERT INTO EstatísticaJogo values (1,130);
INSERT INTO EstatísticaJogo values (1,131);
INSERT INTO EstatísticaJogo values (1,132);
INSERT INTO EstatísticaJogo values (1,133);
INSERT INTO EstatísticaJogo values (1,134);
INSERT INTO EstatísticaJogo values (1,135);
INSERT INTO EstatísticaJogo values (1,136);
INSERT INTO EstatísticaJogo values (1,137);
INSERT INTO EstatísticaJogo values (1,138);
INSERT INTO EstatísticaJogo values (1,139);
INSERT INTO EstatísticaJogo values (1,140);
INSERT INTO EstatísticaJogo values (1,141);
INSERT INTO EstatísticaJogo values (1,142);
INSERT INTO EstatísticaJogo values (1,143);
INSERT INTO EstatísticaJogo values (1,144);
INSERT INTO EstatísticaJogo values (1,145);
INSERT INTO EstatísticaJogo values (1,146);
INSERT INTO EstatísticaJogo values (1,147);
INSERT INTO EstatísticaJogo values (1,148);
INSERT INTO EstatísticaJogo values (1,149);
INSERT INTO EstatísticaJogo values (1,150);
INSERT INTO EstatísticaJogo values (1,151);
INSERT INTO EstatísticaJogo values (1,152);
INSERT INTO EstatísticaJogo values (1,153);
INSERT INTO EstatísticaJogo values (1,154);
INSERT INTO EstatísticaJogo values (1,155);
INSERT INTO EstatísticaJogo values (1,156);
INSERT INTO EstatísticaJogo values (1,157);
INSERT INTO EstatísticaJogo values (1,158);
INSERT INTO EstatísticaJogo values (1,159);
INSERT INTO EstatísticaJogo values (1,160);
INSERT INTO EstatísticaJogo values (1,161);
INSERT INTO EstatísticaJogo values (1,162);
INSERT INTO EstatísticaJogo values (1,163);
INSERT INTO EstatísticaJogo values (1,164);
INSERT INTO EstatísticaJogo values (1,165);
INSERT INTO EstatísticaJogo values (1,166);
INSERT INTO EstatísticaJogo values (1,167);
INSERT INTO EstatísticaJogo values (1,168);
INSERT INTO EstatísticaJogo values (1,169);
INSERT INTO EstatísticaJogo values (1,170);
INSERT INTO EstatísticaJogo values (1,171);
INSERT INTO EstatísticaJogo values (1,172);
INSERT INTO EstatísticaJogo values (1,173);
INSERT INTO EstatísticaJogo values (1,174);
INSERT INTO EstatísticaJogo values (1,175);
INSERT INTO EstatísticaJogo values (1,176);
INSERT INTO EstatísticaJogo values (1,177);
INSERT INTO EstatísticaJogo values (1,178);
INSERT INTO EstatísticaJogo values (1,179);
INSERT INTO EstatísticaJogo values (1,180);
INSERT INTO EstatísticaJogo values (1,181);
INSERT INTO EstatísticaJogo values (1,182);
INSERT INTO EstatísticaJogo values (1,183);
INSERT INTO EstatísticaJogo values (1,184);
INSERT INTO EstatísticaJogo values (1,185);
INSERT INTO EstatísticaJogo values (1,186);
INSERT INTO EstatísticaJogo values (1,187);
INSERT INTO EstatísticaJogo values (1,189);
INSERT INTO EstatísticaJogo values (1,190);
INSERT INTO EstatísticaJogo values (1,191);
INSERT INTO EstatísticaJogo values (1,192);
INSERT INTO EstatísticaJogo values (1,193);
INSERT INTO EstatísticaJogo values (1,194);
INSERT INTO EstatísticaJogo values (1,195);
INSERT INTO EstatísticaJogo values (1,196);
INSERT INTO EstatísticaJogo values (1,197);
INSERT INTO EstatísticaJogo values (1,198);
INSERT INTO EstatísticaJogo values (1,199);
INSERT INTO EstatísticaJogo values (1,200);
INSERT INTO EstatísticaJogo values (1,201);
INSERT INTO EstatísticaJogo values (1,202);
INSERT INTO EstatísticaJogo values (1,203);
INSERT INTO EstatísticaJogo values (1,204);
INSERT INTO EstatísticaJogo values (1,205);
INSERT INTO EstatísticaJogo values (1,206);
INSERT INTO EstatísticaJogo values (1,207);
INSERT INTO EstatísticaJogo values (1,208);
INSERT INTO EstatísticaJogo values (1,209);
INSERT INTO EstatísticaJogo values (1,210);
INSERT INTO EstatísticaJogo values (1,211);
INSERT INTO EstatísticaJogo values (1,212);
INSERT INTO EstatísticaJogo values (1,213);
INSERT INTO EstatísticaJogo values (1,214);
INSERT INTO EstatísticaJogo values (1,215);
INSERT INTO EstatísticaJogo values (1,216);
INSERT INTO EstatísticaJogo values (1,217);
INSERT INTO EstatísticaJogo values (1,218);
INSERT INTO EstatísticaJogo values (1,219);
INSERT INTO EstatísticaJogo values (1,220);
INSERT INTO EstatísticaJogo values (1,221);
INSERT INTO EstatísticaJogo values (1,222);
INSERT INTO EstatísticaJogo values (1,223);
INSERT INTO EstatísticaJogo values (1,224);
INSERT INTO EstatísticaJogo values (1,225);
INSERT INTO EstatísticaJogo values (1,226);
INSERT INTO EstatísticaJogo values (1,227);
INSERT INTO EstatísticaJogo values (1,228);
INSERT INTO EstatísticaJogo values (1,229);
INSERT INTO EstatísticaJogo values (1,230);
INSERT INTO EstatísticaJogo values (1,231);
INSERT INTO EstatísticaJogo values (1,232);
INSERT INTO EstatísticaJogo values (1,233);
INSERT INTO EstatísticaJogo values (1,234);
INSERT INTO EstatísticaJogo values (1,235);
INSERT INTO EstatísticaJogo values (1,236);
INSERT INTO EstatísticaJogo values (1,237);
INSERT INTO EstatísticaJogo values (1,238);
INSERT INTO EstatísticaJogo values (1,239);
INSERT INTO EstatísticaJogo values (1,240);
INSERT INTO EstatísticaJogo values (1,241);
INSERT INTO EstatísticaJogo values (1,242);
INSERT INTO EstatísticaJogo values (1,243);

--substituições
INSERT INTO Estatística values (2000,"Substituição",18); INSERT INTO EstatísticaSubstituição values (2000,203149,256123);
INSERT INTO Estatística values (2001,"Substituição",15); INSERT INTO EstatísticaSubstituição values (2001,269083,269580);
INSERT INTO Estatística values (2002,"Substituição",7); INSERT INTO EstatísticaSubstituição values (2002,163662,268746);
INSERT INTO Estatística values (2003,"Substituição",23); INSERT INTO EstatísticaSubstituição values (2003,271168,162544);
INSERT INTO Estatística values (2004,"Substituição",38); INSERT INTO EstatísticaSubstituição values (2004,163662,268746);
INSERT INTO Estatística values (2005,"Substituição",6); INSERT INTO EstatísticaSubstituição values (2005,151165,268824);
INSERT INTO Estatística values (2006,"Substituição",13); INSERT INTO EstatísticaSubstituição values (2006,166708,154557);
INSERT INTO Estatística values (2007,"Substituição",22); INSERT INTO EstatísticaSubstituição values (2007,262570,268823);

INSERT INTO EstatísticaJogo values (1,2000);
INSERT INTO EstatísticaJogo values (1,2001);
INSERT INTO EstatísticaJogo values (1,2002);
INSERT INTO EstatísticaJogo values (1,2003);
INSERT INTO EstatísticaJogo values (1,2004);
INSERT INTO EstatísticaJogo values (1,2005);
INSERT INTO EstatísticaJogo values (1,2006);
INSERT INTO EstatísticaJogo values (1,2007);

--Árbitros SportingxOliveirense
INSERT INTO Árbitro values(10,"Nelson Duarte Amorim da Silva Guimarães","Comissário");
INSERT INTO Árbitro values(11,"Carlos Miguel Lourenço da Silva Andrade Santos","Árbitro Principal");
INSERT INTO Árbitro values(12,"Rui Alexandre Pires Ribeiro","Árbitro Auxiliar 1");
INSERT INTO Árbitro values(13,"Bruno Alexandre Nunes Nogueira Saraiva Alvarinhas","Árbitro Auxiliar 2");
INSERT INTO Árbitro values(14,"Carolina Guerra Pereira","Marcador");
INSERT INTO Árbitro values(15,"Carlos Vicente Pêgo Carrapito","Marcador Auxiliar");
INSERT INTO Árbitro values(16,"Paula Cristina Guimarães Alves","Cronometrista");
INSERT INTO Árbitro values(17,"Ana Correia Bagulho","Operador 24 segundos");
--Jogadores Sporting
INSERT INTO Jogador values(249301,"Travante Williams","29-07-1993",195,"Americana");
INSERT INTO Jogador values(134318,"Fancisco Amiel","20-01-1996",188,"Portuguesa");
INSERT INTO Jogador values(262842,"John Fields","30-03-1988",206,"Americana");
INSERT INTO Jogador values(268935,"Shakir Smith","25-10-1992",185,"Americana");
INSERT INTO Jogador values(199879,"Cândido Sá","07-11-1992",206,"Portuguesa");
INSERT INTO Jogador values(136299,"Diogo Ventura","26-06-1994",194,"Portuguesa");
INSERT INTO Jogador values(185166,"João Fernandes","01-12-1992",200,"Angolana");
INSERT INTO Jogador values(136537,"Claúdio Fonseca","22-01-1989",208,"Portuguesa");
INSERT INTO Jogador values(170452,"Diogo Araújo","16-04-1997",199,"Portuguesa");
INSERT INTO Jogador values(111676,"Pedro Catarino","20-10-1990",184,"Portuguesa");
INSERT INTO Jogador values(268936,"Jalen Henry","08-01-1996",203,"Americana");
INSERT INTO Jogador values(237041,"James Ellisor","09-03-1990",195,"Portuguesa");

INSERT INTO JogadoresNoClube values (249301,3);
INSERT INTO JogadoresNoClube values (134318,3);
INSERT INTO JogadoresNoClube values (262842,3);
INSERT INTO JogadoresNoClube values (268935,3);
INSERT INTO JogadoresNoClube values (199879,3);
INSERT INTO JogadoresNoClube values (136299,3);
INSERT INTO JogadoresNoClube values (185166,3);
INSERT INTO JogadoresNoClube values (136537,3);
INSERT INTO JogadoresNoClube values (170452,3);
INSERT INTO JogadoresNoClube values (111676,3);
INSERT INTO JogadoresNoClube values (268936,3);
INSERT INTO JogadoresNoClube values (237041,3);
--Estatística 249301
INSERT INTO Estatística values (244,"Pontos",27); INSERT INTO EstatísticaJogador values (249301,244);
INSERT INTO Estatística values (245,"Ressaltos",3); INSERT INTO EstatísticaJogador values (249301,245);
INSERT INTO Estatística values (246,"FaltasSofridas",6); INSERT INTO EstatísticaJogador values (249301,246);
INSERT INTO Estatística values (247,"FaltasCometidas",5); INSERT INTO EstatísticaJogador values (249301,247);
INSERT INTO Estatística values (248,"Assistências",3); INSERT INTO EstatísticaJogador values (249301,248);
INSERT INTO Estatística values (249,"Valorização",23); INSERT INTO EstatísticaJogador values (249301,249);
INSERT INTO Estatística values (250,"Roubos",5); INSERT INTO EstatísticaJogador values (249301,250);
INSERT INTO Estatística values (251,"Minutos",34); INSERT INTO EstatísticaJogador values (249301,251);
INSERT INTO Estatística values (252,"Bloqueios",0); INSERT INTO EstatísticaJogador values (249301,252);
--Estatística 134318
INSERT INTO Estatística values (253,"Pontos",0); INSERT INTO EstatísticaJogador values (134318,253);
INSERT INTO Estatística values (254,"Ressaltos",0); INSERT INTO EstatísticaJogador values (134318,254);
INSERT INTO Estatística values (255,"FaltasSofridas",0); INSERT INTO EstatísticaJogador values (134318,255);
INSERT INTO Estatística values (256,"FaltasCometidas",0); INSERT INTO EstatísticaJogador values (134318,256);
INSERT INTO Estatística values (257,"Assistências",0); INSERT INTO EstatísticaJogador values (134318,257);
INSERT INTO Estatística values (258,"Valorização",0); INSERT INTO EstatísticaJogador values (134318,258);
INSERT INTO Estatística values (259,"Roubos",0); INSERT INTO EstatísticaJogador values (134318,259);
INSERT INTO Estatística values (260,"Minutos",0); INSERT INTO EstatísticaJogador values (134318,260);
INSERT INTO Estatística values (261,"Bloqueios",0); INSERT INTO EstatísticaJogador values (134318,261);
--Estatística 262842
INSERT INTO Estatística values (262,"Pontos",7); INSERT INTO EstatísticaJogador values (262842,262);
INSERT INTO Estatística values (263,"Ressaltos",12); INSERT INTO EstatísticaJogador values (262842,263);
INSERT INTO Estatística values (264,"FaltasSofridas",5); INSERT INTO EstatísticaJogador values (262842,264);
INSERT INTO Estatística values (265,"FaltasCometidas",4); INSERT INTO EstatísticaJogador values (262842,265);
INSERT INTO Estatística values (266,"Assistências",0); INSERT INTO EstatísticaJogador values (262842,266);
INSERT INTO Estatística values (267,"Valorização",17); INSERT INTO EstatísticaJogador values (262842,267);
INSERT INTO Estatística values (268,"Roubos",1); INSERT INTO EstatísticaJogador values (262842,268);
INSERT INTO Estatística values (269,"Minutos",24); INSERT INTO EstatísticaJogador values (262842,269);
INSERT INTO Estatística values (270,"Bloqueios",1); INSERT INTO EstatísticaJogador values (262842,270);
--Estatística 268935
INSERT INTO Estatística values (271,"Pontos",0); INSERT INTO EstatísticaJogador values (268935,271);
INSERT INTO Estatística values (272,"Ressaltos",0); INSERT INTO EstatísticaJogador values (268935,272);
INSERT INTO Estatística values (273,"FaltasSofridas",0); INSERT INTO EstatísticaJogador values (268935,273);
INSERT INTO Estatística values (274,"FaltasCometidas",0); INSERT INTO EstatísticaJogador values (268935,274);
INSERT INTO Estatística values (275,"Assistências",1); INSERT INTO EstatísticaJogador values (268935,275);
INSERT INTO Estatística values (276,"Valorização",0); INSERT INTO EstatísticaJogador values (268935,276);
INSERT INTO Estatística values (277,"Roubos",0); INSERT INTO EstatísticaJogador values (268935,277);
INSERT INTO Estatística values (278,"Minutos",5); INSERT INTO EstatísticaJogador values (268935,278);
INSERT INTO Estatística values (279,"Bloqueios",0); INSERT INTO EstatísticaJogador values (268935,279);
--Estatística 199879
INSERT INTO Estatística values (280,"Pontos",4); INSERT INTO EstatísticaJogador values (199879,280);
INSERT INTO Estatística values (281,"Ressaltos",3); INSERT INTO EstatísticaJogador values (199879,281);
INSERT INTO Estatística values (282,"FaltasSofridas",1); INSERT INTO EstatísticaJogador values (199879,282);
INSERT INTO Estatística values (283,"FaltasCometidas",2); INSERT INTO EstatísticaJogador values (199879,283);
INSERT INTO Estatística values (284,"Assistências",0); INSERT INTO EstatísticaJogador values (199879,284);
INSERT INTO Estatística values (285,"Valorização",6); INSERT INTO EstatísticaJogador values (199879,285);
INSERT INTO Estatística values (286,"Roubos",0); INSERT INTO EstatísticaJogador values (199879,286);
INSERT INTO Estatística values (287,"Minutos",11); INSERT INTO EstatísticaJogador values (199879,287);
INSERT INTO Estatística values (288,"Bloqueios",0); INSERT INTO EstatísticaJogador values (199879,288);
--Estatística 136299
INSERT INTO Estatística values (289,"Pontos",17); INSERT INTO EstatísticaJogador values (136299,289);
INSERT INTO Estatística values (290,"Ressaltos",8); INSERT INTO EstatísticaJogador values (136299,290);
INSERT INTO Estatística values (291,"FaltasSofridas",2); INSERT INTO EstatísticaJogador values (136299,291);
INSERT INTO Estatística values (292,"FaltasCometidas",2); INSERT INTO EstatísticaJogador values (136299,292);
INSERT INTO Estatística values (293,"Assistências",6); INSERT INTO EstatísticaJogador values (136299,293);
INSERT INTO Estatística values (294,"Valorização",26); INSERT INTO EstatísticaJogador values (136299,294);
INSERT INTO Estatística values (295,"Roubos",1); INSERT INTO EstatísticaJogador values (136299,295);
INSERT INTO Estatística values (296,"Minutos",34); INSERT INTO EstatísticaJogador values (136299,296);
INSERT INTO Estatística values (297,"Bloqueios",0); INSERT INTO EstatísticaJogador values (136299,297);
--Estatística 185166
INSERT INTO Estatística values (298,"Pontos",6); INSERT INTO EstatísticaJogador values (185166,298);
INSERT INTO Estatística values (299,"Ressaltos",8); INSERT INTO EstatísticaJogador values (185166,299);
INSERT INTO Estatística values (300,"FaltasSofridas",3); INSERT INTO EstatísticaJogador values (185166,300);
INSERT INTO Estatística values (301,"FaltasCometidas",2); INSERT INTO EstatísticaJogador values (185166,301);
INSERT INTO Estatística values (302,"Assistências",1); INSERT INTO EstatísticaJogador values (185166,302);
INSERT INTO Estatística values (303,"Valorização",11); INSERT INTO EstatísticaJogador values (185166,303);
INSERT INTO Estatística values (304,"Roubos",0); INSERT INTO EstatísticaJogador values (185166,304);
INSERT INTO Estatística values (305,"Minutos",34); INSERT INTO EstatísticaJogador values (185166,305);
INSERT INTO Estatística values (306,"Bloqueios",1); INSERT INTO EstatísticaJogador values (185166,306);
--Estatística 136537
INSERT INTO Estatística values (307,"Pontos",5); INSERT INTO EstatísticaJogador values (136537,307);
INSERT INTO Estatística values (308,"Ressaltos",4); INSERT INTO EstatísticaJogador values (136537,308);
INSERT INTO Estatística values (309,"FaltasSofridas",3); INSERT INTO EstatísticaJogador values (136537,309);
INSERT INTO Estatística values (310,"FaltasCometidas",1); INSERT INTO EstatísticaJogador values (136537,310);
INSERT INTO Estatística values (311,"Assistências",1); INSERT INTO EstatísticaJogador values (136537,311);
INSERT INTO Estatística values (312,"Valorização",10); INSERT INTO EstatísticaJogador values (136537,312);
INSERT INTO Estatística values (313,"Roubos",0); INSERT INTO EstatísticaJogador values (136537,313);
INSERT INTO Estatística values (314,"Minutos",21); INSERT INTO EstatísticaJogador values (136537,314);
INSERT INTO Estatística values (315,"Bloqueios",1); INSERT INTO EstatísticaJogador values (136537,315);
--Estatística 170452
INSERT INTO Estatística values (316,"Pontos",0); INSERT INTO EstatísticaJogador values (170452,316);
INSERT INTO Estatística values (317,"Ressaltos",0); INSERT INTO EstatísticaJogador values (170452,317);
INSERT INTO Estatística values (318,"FaltasSofridas",0); INSERT INTO EstatísticaJogador values (170452,318);
INSERT INTO Estatística values (319,"FaltasCometidas",0); INSERT INTO EstatísticaJogador values (170452,319);
INSERT INTO Estatística values (320,"Assistências",0); INSERT INTO EstatísticaJogador values (170452,320);
INSERT INTO Estatística values (321,"Valorização",0); INSERT INTO EstatísticaJogador values (170452,321);
INSERT INTO Estatística values (322,"Roubos",0); INSERT INTO EstatísticaJogador values (170452,322);
INSERT INTO Estatística values (323,"Minutos",0); INSERT INTO EstatísticaJogador values (170452,323);
INSERT INTO Estatística values (324,"Bloqueios",0); INSERT INTO EstatísticaJogador values (170452,324);
--Estatística 111676
INSERT INTO Estatística values (325,"Pontos",10); INSERT INTO EstatísticaJogador values (111676,325);
INSERT INTO Estatística values (326,"Ressaltos",2); INSERT INTO EstatísticaJogador values (111676,326);
INSERT INTO Estatística values (327,"FaltasSofridas",1); INSERT INTO EstatísticaJogador values (111676,327);
INSERT INTO Estatística values (328,"FaltasCometidas",2); INSERT INTO EstatísticaJogador values (111676,328);
INSERT INTO Estatística values (329,"Assistências",1); INSERT INTO EstatísticaJogador values (111676,329);
INSERT INTO Estatística values (330,"Valorização",5); INSERT INTO EstatísticaJogador values (111676,330);
INSERT INTO Estatística values (331,"Roubos",0); INSERT INTO EstatísticaJogador values (111676,331);
INSERT INTO Estatística values (332,"Minutos",24); INSERT INTO EstatísticaJogador values (111676,332);
INSERT INTO Estatística values (333,"Bloqueios",0); INSERT INTO EstatísticaJogador values (111676,333);
--Estatística 268936
INSERT INTO Estatística values (334,"Pontos",0); INSERT INTO EstatísticaJogador values (268936,334);
INSERT INTO Estatística values (335,"Ressaltos",0); INSERT INTO EstatísticaJogador values (268936,335);
INSERT INTO Estatística values (336,"FaltasSofridas",0); INSERT INTO EstatísticaJogador values (268936,336);
INSERT INTO Estatística values (337,"FaltasCometidas",0); INSERT INTO EstatísticaJogador values (268936,337);
INSERT INTO Estatística values (338,"Assistências",0); INSERT INTO EstatísticaJogador values (268936,338);
INSERT INTO Estatística values (339,"Valorização",0); INSERT INTO EstatísticaJogador values (268936,339);
INSERT INTO Estatística values (340,"Roubos",0); INSERT INTO EstatísticaJogador values (268936,340);
INSERT INTO Estatística values (341,"Minutos",0); INSERT INTO EstatísticaJogador values (268936,341);
INSERT INTO Estatística values (342,"Bloqueios",0); INSERT INTO EstatísticaJogador values (268936,342);
--Estatística 237041
INSERT INTO Estatística values (343,"Pontos",9); INSERT INTO EstatísticaJogador values (185088,343);
INSERT INTO Estatística values (344,"Ressaltos",4); INSERT INTO EstatísticaJogador values (185088,344);
INSERT INTO Estatística values (345,"FaltasSofridas",2); INSERT INTO EstatísticaJogador values (185088,345);
INSERT INTO Estatística values (346,"FaltasCometidas",2); INSERT INTO EstatísticaJogador values (185088,346);
INSERT INTO Estatística values (347,"Assistências",4); INSERT INTO EstatísticaJogador values (185088,347);
INSERT INTO Estatística values (348,"Valorização",6); INSERT INTO EstatísticaJogador values (185088,348);
INSERT INTO Estatística values (349,"Roubos",2); INSERT INTO EstatísticaJogador values (185088,349);
INSERT INTO Estatística values (350,"Minutos",38); INSERT INTO EstatísticaJogador values (185088,350);
INSERT INTO Estatística values (351,"Bloqueios",0); INSERT INTO EstatísticaJogador values (185088,351);
--Estatística Sporting
INSERT INTO Estatística values (352,"Pontos",85); INSERT INTO EstatísticaClube values (3,352);
INSERT INTO Estatística values (353,"Ressaltos",48); INSERT INTO EstatísticaClube values (3,353);
INSERT INTO Estatística values (354,"FaltasSofridas",23); INSERT INTO EstatísticaClube values (3,354);
INSERT INTO Estatística values (355,"FaltasCometidas",20); INSERT INTO EstatísticaClube values (3,355);
INSERT INTO Estatística values (356,"Assistências",17); INSERT INTO EstatísticaClube values (3,356);
INSERT INTO Estatística values (357,"Valorização",106); INSERT INTO EstatísticaClube values (3,357);
INSERT INTO Estatística values (358,"Roubos",8); INSERT INTO EstatísticaClube values (3,358);
INSERT INTO Estatística values (359,"Minutos",200); INSERT INTO EstatísticaClube values (3,359);
INSERT INTO Estatística values (360,"Bloqueios",3); INSERT INTO EstatísticaClube values (3,360);
INSERT INTO Estatística values (361,"Pontos",21); INSERT INTO EstatísticaPontos values (361,1);
INSERT INTO Estatística values (362,"Pontos",24); INSERT INTO EstatísticaPontos values (362,2);
INSERT INTO Estatística values (363,"Pontos",11); INSERT INTO EstatísticaPontos values (363,3);
INSERT INTO Estatística values (364,"Pontos",18); INSERT INTO EstatísticaPontos values (364,4);
INSERT INTO Estatística values (365,"Pontos",11); INSERT INTO EstatísticaPontos values (365,5);

--estatistica jogadores oliveirense
--Estatística 243864
INSERT INTO Estatística values (366,"Pontos",0); INSERT INTO EstatísticaJogador values (243864,366);
INSERT INTO Estatística values (367,"Ressaltos",0); INSERT INTO EstatísticaJogador values (243864,367);
INSERT INTO Estatística values (368,"FaltasSofridas",0); INSERT INTO EstatísticaJogador values (243864,368);
INSERT INTO Estatística values (369,"FaltasCometidas",0); INSERT INTO EstatísticaJogador values (243864,369);
INSERT INTO Estatística values (370,"Assistências",0); INSERT INTO EstatísticaJogador values (243864,370);
INSERT INTO Estatística values (371,"Valorização",0); INSERT INTO EstatísticaJogador values (243864,371);
INSERT INTO Estatística values (372,"Roubos",0); INSERT INTO EstatísticaJogador values (243864,372);
INSERT INTO Estatística values (373,"Minutos",0); INSERT INTO EstatísticaJogador values (243864,373);
INSERT INTO Estatística values (374,"Bloqueios",0); INSERT INTO EstatísticaJogador values (243864,374);
--Estatística 268939
INSERT INTO Estatística values (375,"Pontos",6); INSERT INTO EstatísticaJogador values (268939,375);
INSERT INTO Estatística values (376,"Ressaltos",0); INSERT INTO EstatísticaJogador values (268939,376);
INSERT INTO Estatística values (377,"FaltasSofridas",3); INSERT INTO EstatísticaJogador values (268939,377);
INSERT INTO Estatística values (378,"FaltasCometidas",3); INSERT INTO EstatísticaJogador values (268939,378);
INSERT INTO Estatística values (379,"Assistências",5); INSERT INTO EstatísticaJogador values (268939,379);
INSERT INTO Estatística values (380,"Valorização",6); INSERT INTO EstatísticaJogador values (268939,380);
INSERT INTO Estatística values (381,"Roubos",0); INSERT INTO EstatísticaJogador values (268939,381);
INSERT INTO Estatística values (382,"Minutos",32); INSERT INTO EstatísticaJogador values (268939,382);
INSERT INTO Estatística values (383,"Bloqueios",0); INSERT INTO EstatísticaJogador values (268939,383);
--Estatística 268941
INSERT INTO Estatística values (384,"Pontos",12); INSERT INTO EstatísticaJogador values (268941,384);
INSERT INTO Estatística values (385,"Ressaltos",7); INSERT INTO EstatísticaJogador values (268941,385);
INSERT INTO Estatística values (386,"FaltasSofridas",4); INSERT INTO EstatísticaJogador values (268941,386);
INSERT INTO Estatística values (387,"FaltasCometidas",5); INSERT INTO EstatísticaJogador values (268941,387);
INSERT INTO Estatística values (388,"Assistências",3); INSERT INTO EstatísticaJogador values (268941,388);
INSERT INTO Estatística values (389,"Valorização",17); INSERT INTO EstatísticaJogador values (268941,389);
INSERT INTO Estatística values (390,"Roubos",2); INSERT INTO EstatísticaJogador values (268941,390);
INSERT INTO Estatística values (391,"Minutos",25); INSERT INTO EstatísticaJogador values (268941,391);
INSERT INTO Estatística values (392,"Bloqueios",0); INSERT INTO EstatísticaJogador values (268941,392);
--Estatística 167835
INSERT INTO Estatística values (393,"Pontos",4); INSERT INTO EstatísticaJogador values (167835,393);
INSERT INTO Estatística values (394,"Ressaltos",5); INSERT INTO EstatísticaJogador values (167835,394);
INSERT INTO Estatística values (395,"FaltasSofridas",2); INSERT INTO EstatísticaJogador values (167835,395);
INSERT INTO Estatística values (396,"FaltasCometidas",2); INSERT INTO EstatísticaJogador values (167835,396);
INSERT INTO Estatística values (397,"Assistências",1); INSERT INTO EstatísticaJogador values (167835,397);
INSERT INTO Estatística values (398,"Valorização",3); INSERT INTO EstatísticaJogador values (167835,398);
INSERT INTO Estatística values (399,"Roubos",1); INSERT INTO EstatísticaJogador values (167835,399);
INSERT INTO Estatística values (400,"Minutos",18); INSERT INTO EstatísticaJogador values (167835,400);
INSERT INTO Estatística values (401,"Bloqueios",0); INSERT INTO EstatísticaJogador values (167835,401);
--Estatística 125975
INSERT INTO Estatística values (402,"Pontos",3); INSERT INTO EstatísticaJogador values (125975,402);
INSERT INTO Estatística values (403,"Ressaltos",6); INSERT INTO EstatísticaJogador values (125975,403);
INSERT INTO Estatística values (404,"FaltasSofridas",1); INSERT INTO EstatísticaJogador values (125975,404);
INSERT INTO Estatística values (405,"FaltasCometidas",3); INSERT INTO EstatísticaJogador values (125975,405);
INSERT INTO Estatística values (406,"Assistências",10); INSERT INTO EstatísticaJogador values (125975,406);
INSERT INTO Estatística values (407,"Valorização",13); INSERT INTO EstatísticaJogador values (125975,407);
INSERT INTO Estatística values (408,"Roubos",0); INSERT INTO EstatísticaJogador values (125975,408);
INSERT INTO Estatística values (409,"Minutos",33); INSERT INTO EstatísticaJogador values (125975,409);
INSERT INTO Estatística values (410,"Bloqueios",0); INSERT INTO EstatísticaJogador values (125975,410);
--Estatística 124572
INSERT INTO Estatística values (411,"Pontos",13); INSERT INTO EstatísticaJogador values (124572,411);
INSERT INTO Estatística values (412,"Ressaltos",5); INSERT INTO EstatísticaJogador values (124572,412);
INSERT INTO Estatística values (413,"FaltasSofridas",3); INSERT INTO EstatísticaJogador values (124572,413);
INSERT INTO Estatística values (414,"FaltasCometidas",2); INSERT INTO EstatísticaJogador values (124572,414);
INSERT INTO Estatística values (415,"Assistências",1); INSERT INTO EstatísticaJogador values (124572,415);
INSERT INTO Estatística values (416,"Valorização",17); INSERT INTO EstatísticaJogador values (124572,416);
INSERT INTO Estatística values (417,"Roubos",1); INSERT INTO EstatísticaJogador values (124572,417);
INSERT INTO Estatística values (418,"Minutos",20); INSERT INTO EstatísticaJogador values (124572,418);
INSERT INTO Estatística values (419,"Bloqueios",0); INSERT INTO EstatísticaJogador values (124572,419);
--Estatística 140327
INSERT INTO Estatística values (420,"Pontos",0); INSERT INTO EstatísticaJogador values (140327,420);
INSERT INTO Estatística values (421,"Ressaltos",0); INSERT INTO EstatísticaJogador values (140327,421);
INSERT INTO Estatística values (422,"FaltasSofridas",0); INSERT INTO EstatísticaJogador values (140327,422);
INSERT INTO Estatística values (423,"FaltasCometidas",0); INSERT INTO EstatísticaJogador values (140327,423);
INSERT INTO Estatística values (424,"Assistências",0); INSERT INTO EstatísticaJogador values (140327,424);
INSERT INTO Estatística values (425,"Valorização",0); INSERT INTO EstatísticaJogador values (140327,425);
INSERT INTO Estatística values (426,"Roubos",0); INSERT INTO EstatísticaJogador values (140327,426);
INSERT INTO Estatística values (427,"Minutos",0); INSERT INTO EstatísticaJogador values (140327,427);
INSERT INTO Estatística values (428,"Bloqueios",0); INSERT INTO EstatísticaJogador values (140327,428);
--Estatística 125990
INSERT INTO Estatística values (429,"Pontos",0); INSERT INTO EstatísticaJogador values (125990,429);
INSERT INTO Estatística values (430,"Ressaltos",0); INSERT INTO EstatísticaJogador values (125990,430);
INSERT INTO Estatística values (431,"FaltasSofridas",0); INSERT INTO EstatísticaJogador values (125990,431);
INSERT INTO Estatística values (432,"FaltasCometidas",0); INSERT INTO EstatísticaJogador values (125990,432);
INSERT INTO Estatística values (433,"Assistências",0); INSERT INTO EstatísticaJogador values (125990,433);
INSERT INTO Estatística values (434,"Valorização",0); INSERT INTO EstatísticaJogador values (125990,434);
INSERT INTO Estatística values (435,"Roubos",0); INSERT INTO EstatísticaJogador values (125990,435);
INSERT INTO Estatística values (436,"Minutos",0); INSERT INTO EstatísticaJogador values (125990,436);
INSERT INTO Estatística values (437,"Bloqueios",0); INSERT INTO EstatísticaJogador values (125990,437);
--Estatística 130786
INSERT INTO Estatística values (438,"Pontos",12); INSERT INTO EstatísticaJogador values (130786,438);
INSERT INTO Estatística values (439,"Ressaltos",1); INSERT INTO EstatísticaJogador values (130786,439);
INSERT INTO Estatística values (440,"FaltasSofridas",3); INSERT INTO EstatísticaJogador values (130786,440);
INSERT INTO Estatística values (441,"FaltasCometidas",4); INSERT INTO EstatísticaJogador values (130786,441);
INSERT INTO Estatística values (442,"Assistências",0); INSERT INTO EstatísticaJogador values (130786,442);
INSERT INTO Estatística values (443,"Valorização",8); INSERT INTO EstatísticaJogador values (130786,443);
INSERT INTO Estatística values (444,"Roubos",0); INSERT INTO EstatísticaJogador values (130786,444);
INSERT INTO Estatística values (445,"Minutos",26); INSERT INTO EstatísticaJogador values (130786,445);
INSERT INTO Estatística values (446,"Bloqueios",0); INSERT INTO EstatísticaJogador values (130786,446);
--Estatística 264838
INSERT INTO Estatística values (447,"Pontos",14); INSERT INTO EstatísticaJogador values (264838,447);
INSERT INTO Estatística values (448,"Ressaltos",9); INSERT INTO EstatísticaJogador values (264838,448);
INSERT INTO Estatística values (449,"FaltasSofridas",0); INSERT INTO EstatísticaJogador values (264838,449);
INSERT INTO Estatística values (450,"FaltasCometidas",2); INSERT INTO EstatísticaJogador values (264838,450);
INSERT INTO Estatística values (451,"Assistências",1); INSERT INTO EstatísticaJogador values (264838,451);
INSERT INTO Estatística values (452,"Valorização",12); INSERT INTO EstatísticaJogador values (264838,452);
INSERT INTO Estatística values (453,"Roubos",0); INSERT INTO EstatísticaJogador values (264838,453);
INSERT INTO Estatística values (454,"Minutos",38); INSERT INTO EstatísticaJogador values (264838,454);
INSERT INTO Estatística values (455,"Bloqueios",0); INSERT INTO EstatísticaJogador values (264838,455);
--Estatística 270348
INSERT INTO Estatística values (456,"Pontos",14); INSERT INTO EstatísticaJogador values (270348,456);
INSERT INTO Estatística values (457,"Ressaltos",8); INSERT INTO EstatísticaJogador values (270348,457);
INSERT INTO Estatística values (458,"FaltasSofridas",3); INSERT INTO EstatísticaJogador values (270348,458);
INSERT INTO Estatística values (459,"FaltasCometidas",2); INSERT INTO EstatísticaJogador values (270348,459);
INSERT INTO Estatística values (460,"Assistências",2); INSERT INTO EstatísticaJogador values (270348,460);
INSERT INTO Estatística values (461,"Valorização",17); INSERT INTO EstatísticaJogador values (270348,461);
INSERT INTO Estatística values (462,"Roubos",0); INSERT INTO EstatísticaJogador values (270348,462);
INSERT INTO Estatística values (463,"Minutos",33); INSERT INTO EstatísticaJogador values (270348,463);
INSERT INTO Estatística values (464,"Bloqueios",1); INSERT INTO EstatísticaJogador values (270348,464);
--Estatística 152194
INSERT INTO Estatística values (465,"Pontos",0); INSERT INTO EstatísticaJogador values (152194,465);
INSERT INTO Estatística values (466,"Ressaltos",0); INSERT INTO EstatísticaJogador values (152194,466);
INSERT INTO Estatística values (467,"FaltasSofridas",0); INSERT INTO EstatísticaJogador values (152194,467);
INSERT INTO Estatística values (468,"FaltasCometidas",0); INSERT INTO EstatísticaJogador values (152194,468);
INSERT INTO Estatística values (469,"Assistências",0); INSERT INTO EstatísticaJogador values (152194,469);
INSERT INTO Estatística values (470,"Valorização",0); INSERT INTO EstatísticaJogador values (152194,470);
INSERT INTO Estatística values (471,"Roubos",0); INSERT INTO EstatísticaJogador values (152194,471);
INSERT INTO Estatística values (472,"Minutos",0); INSERT INTO EstatísticaJogador values (152194,472);
INSERT INTO Estatística values (473,"Bloqueios",0); INSERT INTO EstatísticaJogador values (152194,473);
--Estatística Oliveirense
INSERT INTO Estatística values (474,"Pontos",62); INSERT INTO EstatísticaClube values (5,474);
INSERT INTO Estatística values (475,"Ressaltos",38); INSERT INTO EstatísticaClube values (5,475);
INSERT INTO Estatística values (476,"FaltasSofridas",18); INSERT INTO EstatísticaClube values (5,476);
INSERT INTO Estatística values (477,"FaltasCometidas",21); INSERT INTO EstatísticaClube values (5,477);
INSERT INTO Estatística values (478,"Assistências",18); INSERT INTO EstatísticaClube values (5,478);
INSERT INTO Estatística values (479,"Valorização",71); INSERT INTO EstatísticaClube values (5,479);
INSERT INTO Estatística values (480,"Roubos",10); INSERT INTO EstatísticaClube values (5,480);
INSERT INTO Estatística values (481,"Minutos",200); INSERT INTO EstatísticaClube values (5,481);
INSERT INTO Estatística values (482,"Bloqueios",1); INSERT INTO EstatísticaClube values (5,482);
INSERT INTO Estatística values (483,"Pontos",19); INSERT INTO EstatísticaPontos values (483,1);
INSERT INTO Estatística values (484,"Pontos",15); INSERT INTO EstatísticaPontos values (484,2);
INSERT INTO Estatística values (485,"Pontos",12); INSERT INTO EstatísticaPontos values (485,3);
INSERT INTO Estatística values (486,"Pontos",16); INSERT INTO EstatísticaPontos values (486,4);
INSERT INTO Estatística values (487,"Pontos",16); INSERT INTO EstatísticaPontos values (487,5);

--Jogo SportingxOliveirense
INSERT INTO Jogo values (2,13,"9-01-2021",3,3,5);

INSERT INTO ÁrbitrosnoJogo values (10,2);
INSERT INTO ÁrbitrosnoJogo values (11,2);
INSERT INTO ÁrbitrosnoJogo values (12,2);
INSERT INTO ÁrbitrosnoJogo values (13,2);
INSERT INTO ÁrbitrosnoJogo values (14,2);
INSERT INTO ÁrbitrosnoJogo values (15,2);
INSERT INTO ÁrbitrosnoJogo values (16,2);
INSERT INTO ÁrbitrosnoJogo values (17,2);

INSERT INTO EstatísticaJogo values (2,244);
INSERT INTO EstatísticaJogo values (2,245);
INSERT INTO EstatísticaJogo values (2,246);
INSERT INTO EstatísticaJogo values (2,247);
INSERT INTO EstatísticaJogo values (2,248);
INSERT INTO EstatísticaJogo values (2,249);
INSERT INTO EstatísticaJogo values (2,250);
INSERT INTO EstatísticaJogo values (2,251);
INSERT INTO EstatísticaJogo values (2,252);
INSERT INTO EstatísticaJogo values (2,253);
INSERT INTO EstatísticaJogo values (2,254);
INSERT INTO EstatísticaJogo values (2,255);
INSERT INTO EstatísticaJogo values (2,256);
INSERT INTO EstatísticaJogo values (2,257);
INSERT INTO EstatísticaJogo values (2,258);
INSERT INTO EstatísticaJogo values (2,259);
INSERT INTO EstatísticaJogo values (2,260);
INSERT INTO EstatísticaJogo values (2,261);
INSERT INTO EstatísticaJogo values (2,262);
INSERT INTO EstatísticaJogo values (2,263);
INSERT INTO EstatísticaJogo values (2,264);
INSERT INTO EstatísticaJogo values (2,265);
INSERT INTO EstatísticaJogo values (2,266);
INSERT INTO EstatísticaJogo values (2,267);
INSERT INTO EstatísticaJogo values (2,268);
INSERT INTO EstatísticaJogo values (2,269);
INSERT INTO EstatísticaJogo values (2,270);
INSERT INTO EstatísticaJogo values (2,271);
INSERT INTO EstatísticaJogo values (2,272);
INSERT INTO EstatísticaJogo values (2,273);
INSERT INTO EstatísticaJogo values (2,274);
INSERT INTO EstatísticaJogo values (2,275);
INSERT INTO EstatísticaJogo values (2,276);
INSERT INTO EstatísticaJogo values (2,277);
INSERT INTO EstatísticaJogo values (2,278);
INSERT INTO EstatísticaJogo values (2,279);
INSERT INTO EstatísticaJogo values (2,280);
INSERT INTO EstatísticaJogo values (2,281);
INSERT INTO EstatísticaJogo values (2,282);
INSERT INTO EstatísticaJogo values (2,283);
INSERT INTO EstatísticaJogo values (2,284);
INSERT INTO EstatísticaJogo values (2,285);
INSERT INTO EstatísticaJogo values (2,286);
INSERT INTO EstatísticaJogo values (2,287);
INSERT INTO EstatísticaJogo values (2,288);
INSERT INTO EstatísticaJogo values (2,289);
INSERT INTO EstatísticaJogo values (2,290);
INSERT INTO EstatísticaJogo values (2,291);
INSERT INTO EstatísticaJogo values (2,292);
INSERT INTO EstatísticaJogo values (2,293);
INSERT INTO EstatísticaJogo values (2,294);
INSERT INTO EstatísticaJogo values (2,295);
INSERT INTO EstatísticaJogo values (2,296);
INSERT INTO EstatísticaJogo values (2,297);
INSERT INTO EstatísticaJogo values (2,298);
INSERT INTO EstatísticaJogo values (2,299);
INSERT INTO EstatísticaJogo values (2,300);
INSERT INTO EstatísticaJogo values (2,301);
INSERT INTO EstatísticaJogo values (2,302);
INSERT INTO EstatísticaJogo values (2,303);
INSERT INTO EstatísticaJogo values (2,304);
INSERT INTO EstatísticaJogo values (2,305);
INSERT INTO EstatísticaJogo values (2,306);
INSERT INTO EstatísticaJogo values (2,307);
INSERT INTO EstatísticaJogo values (2,308);
INSERT INTO EstatísticaJogo values (2,309);
INSERT INTO EstatísticaJogo values (2,310);
INSERT INTO EstatísticaJogo values (2,311);
INSERT INTO EstatísticaJogo values (2,312);
INSERT INTO EstatísticaJogo values (2,313);
INSERT INTO EstatísticaJogo values (2,314);
INSERT INTO EstatísticaJogo values (2,315);
INSERT INTO EstatísticaJogo values (2,316);
INSERT INTO EstatísticaJogo values (2,317);
INSERT INTO EstatísticaJogo values (2,318);
INSERT INTO EstatísticaJogo values (2,319);
INSERT INTO EstatísticaJogo values (2,320);
INSERT INTO EstatísticaJogo values (2,321);
INSERT INTO EstatísticaJogo values (2,322);
INSERT INTO EstatísticaJogo values (2,323);
INSERT INTO EstatísticaJogo values (2,324);
INSERT INTO EstatísticaJogo values (2,325);
INSERT INTO EstatísticaJogo values (2,326);
INSERT INTO EstatísticaJogo values (2,327);
INSERT INTO EstatísticaJogo values (2,328);
INSERT INTO EstatísticaJogo values (2,329);
INSERT INTO EstatísticaJogo values (2,330);
INSERT INTO EstatísticaJogo values (2,331);
INSERT INTO EstatísticaJogo values (2,332);
INSERT INTO EstatísticaJogo values (2,333);
INSERT INTO EstatísticaJogo values (2,334);
INSERT INTO EstatísticaJogo values (2,335);
INSERT INTO EstatísticaJogo values (2,336);
INSERT INTO EstatísticaJogo values (2,337);
INSERT INTO EstatísticaJogo values (2,338);
INSERT INTO EstatísticaJogo values (2,339);
INSERT INTO EstatísticaJogo values (2,340);
INSERT INTO EstatísticaJogo values (2,341);
INSERT INTO EstatísticaJogo values (2,342);
INSERT INTO EstatísticaJogo values (2,343);
INSERT INTO EstatísticaJogo values (2,344);
INSERT INTO EstatísticaJogo values (2,345);
INSERT INTO EstatísticaJogo values (2,346);
INSERT INTO EstatísticaJogo values (2,347);
INSERT INTO EstatísticaJogo values (2,348);
INSERT INTO EstatísticaJogo values (2,349);
INSERT INTO EstatísticaJogo values (2,350);
INSERT INTO EstatísticaJogo values (2,351);
INSERT INTO EstatísticaJogo values (2,352);
INSERT INTO EstatísticaJogo values (2,353);
INSERT INTO EstatísticaJogo values (2,354);
INSERT INTO EstatísticaJogo values (2,355);
INSERT INTO EstatísticaJogo values (2,356);
INSERT INTO EstatísticaJogo values (2,357);
INSERT INTO EstatísticaJogo values (2,358);
INSERT INTO EstatísticaJogo values (2,359);
INSERT INTO EstatísticaJogo values (2,360);
INSERT INTO EstatísticaJogo values (2,361);
INSERT INTO EstatísticaJogo values (2,362);
INSERT INTO EstatísticaJogo values (2,363);
INSERT INTO EstatísticaJogo values (2,364);
INSERT INTO EstatísticaJogo values (2,365);
INSERT INTO EstatísticaJogo values (2,366);
INSERT INTO EstatísticaJogo values (2,367);
INSERT INTO EstatísticaJogo values (2,368);
INSERT INTO EstatísticaJogo values (2,369);
INSERT INTO EstatísticaJogo values (2,370);
INSERT INTO EstatísticaJogo values (2,371);
INSERT INTO EstatísticaJogo values (2,372);
INSERT INTO EstatísticaJogo values (2,373);
INSERT INTO EstatísticaJogo values (2,374);
INSERT INTO EstatísticaJogo values (2,375);
INSERT INTO EstatísticaJogo values (2,376);
INSERT INTO EstatísticaJogo values (2,377);
INSERT INTO EstatísticaJogo values (2,378);
INSERT INTO EstatísticaJogo values (2,379);
INSERT INTO EstatísticaJogo values (2,380);
INSERT INTO EstatísticaJogo values (2,381);
INSERT INTO EstatísticaJogo values (2,382);
INSERT INTO EstatísticaJogo values (2,383);
INSERT INTO EstatísticaJogo values (2,384);
INSERT INTO EstatísticaJogo values (2,385);
INSERT INTO EstatísticaJogo values (2,386);
INSERT INTO EstatísticaJogo values (2,387);
INSERT INTO EstatísticaJogo values (2,388);
INSERT INTO EstatísticaJogo values (2,389);
INSERT INTO EstatísticaJogo values (2,390);
INSERT INTO EstatísticaJogo values (2,391);
INSERT INTO EstatísticaJogo values (2,392);
INSERT INTO EstatísticaJogo values (2,393);
INSERT INTO EstatísticaJogo values (2,394);
INSERT INTO EstatísticaJogo values (2,395);
INSERT INTO EstatísticaJogo values (2,396);
INSERT INTO EstatísticaJogo values (2,397);
INSERT INTO EstatísticaJogo values (2,398);
INSERT INTO EstatísticaJogo values (2,399);
INSERT INTO EstatísticaJogo values (2,400);
INSERT INTO EstatísticaJogo values (2,401);
INSERT INTO EstatísticaJogo values (2,402);
INSERT INTO EstatísticaJogo values (2,403);
INSERT INTO EstatísticaJogo values (2,404);
INSERT INTO EstatísticaJogo values (2,405);
INSERT INTO EstatísticaJogo values (2,406);
INSERT INTO EstatísticaJogo values (2,407);
INSERT INTO EstatísticaJogo values (2,408);
INSERT INTO EstatísticaJogo values (2,409);
INSERT INTO EstatísticaJogo values (2,410);
INSERT INTO EstatísticaJogo values (2,411);
INSERT INTO EstatísticaJogo values (2,412);
INSERT INTO EstatísticaJogo values (2,413);
INSERT INTO EstatísticaJogo values (2,414);
INSERT INTO EstatísticaJogo values (2,415);
INSERT INTO EstatísticaJogo values (2,416);
INSERT INTO EstatísticaJogo values (2,417);
INSERT INTO EstatísticaJogo values (2,418);
INSERT INTO EstatísticaJogo values (2,419);
INSERT INTO EstatísticaJogo values (2,420);
INSERT INTO EstatísticaJogo values (2,421);
INSERT INTO EstatísticaJogo values (2,422);
INSERT INTO EstatísticaJogo values (2,423);
INSERT INTO EstatísticaJogo values (2,424);
INSERT INTO EstatísticaJogo values (2,425);
INSERT INTO EstatísticaJogo values (2,426);
INSERT INTO EstatísticaJogo values (2,427);
INSERT INTO EstatísticaJogo values (2,428);
INSERT INTO EstatísticaJogo values (2,429);
INSERT INTO EstatísticaJogo values (2,430);
INSERT INTO EstatísticaJogo values (2,431);
INSERT INTO EstatísticaJogo values (2,432);
INSERT INTO EstatísticaJogo values (2,433);
INSERT INTO EstatísticaJogo values (2,434);
INSERT INTO EstatísticaJogo values (2,435);
INSERT INTO EstatísticaJogo values (2,436);
INSERT INTO EstatísticaJogo values (2,437);
INSERT INTO EstatísticaJogo values (2,438);
INSERT INTO EstatísticaJogo values (2,439);
INSERT INTO EstatísticaJogo values (2,440);
INSERT INTO EstatísticaJogo values (2,441);
INSERT INTO EstatísticaJogo values (2,442);
INSERT INTO EstatísticaJogo values (2,443);
INSERT INTO EstatísticaJogo values (2,444);
INSERT INTO EstatísticaJogo values (2,445);
INSERT INTO EstatísticaJogo values (2,446);
INSERT INTO EstatísticaJogo values (2,447);
INSERT INTO EstatísticaJogo values (2,448);
INSERT INTO EstatísticaJogo values (2,449);
INSERT INTO EstatísticaJogo values (2,450);
INSERT INTO EstatísticaJogo values (2,451);
INSERT INTO EstatísticaJogo values (2,452);
INSERT INTO EstatísticaJogo values (2,453);
INSERT INTO EstatísticaJogo values (2,454);
INSERT INTO EstatísticaJogo values (2,455);
INSERT INTO EstatísticaJogo values (2,456);
INSERT INTO EstatísticaJogo values (2,457);
INSERT INTO EstatísticaJogo values (2,458);
INSERT INTO EstatísticaJogo values (2,459);
INSERT INTO EstatísticaJogo values (2,460);
INSERT INTO EstatísticaJogo values (2,461);
INSERT INTO EstatísticaJogo values (2,462);
INSERT INTO EstatísticaJogo values (2,463);
INSERT INTO EstatísticaJogo values (2,464);
INSERT INTO EstatísticaJogo values (2,465);
INSERT INTO EstatísticaJogo values (2,466);
INSERT INTO EstatísticaJogo values (2,467);
INSERT INTO EstatísticaJogo values (2,468);
INSERT INTO EstatísticaJogo values (2,469);
INSERT INTO EstatísticaJogo values (2,470);
INSERT INTO EstatísticaJogo values (2,471);
INSERT INTO EstatísticaJogo values (2,472);
INSERT INTO EstatísticaJogo values (2,473);
INSERT INTO EstatísticaJogo values (2,474);
INSERT INTO EstatísticaJogo values (2,475);
INSERT INTO EstatísticaJogo values (2,476);
INSERT INTO EstatísticaJogo values (2,477);
INSERT INTO EstatísticaJogo values (2,478);
INSERT INTO EstatísticaJogo values (2,479);
INSERT INTO EstatísticaJogo values (2,480);
INSERT INTO EstatísticaJogo values (2,481);
INSERT INTO EstatísticaJogo values (2,482);
INSERT INTO EstatísticaJogo values (2,483);
INSERT INTO EstatísticaJogo values (2,484);
INSERT INTO EstatísticaJogo values (2,485);
INSERT INTO EstatísticaJogo values (2,486);
INSERT INTO EstatísticaJogo values (2,487);

--Substituições
INSERT INTO Estatística values (488,"Substituição",16); INSERT INTO EstatísticaSubstituição values (488,249301,262842);
INSERT INTO Estatística values (489,"Substituição",21); INSERT INTO EstatísticaSubstituição values (489,270348,167835);
INSERT INTO Estatística values (490,"Substituição",5); INSERT INTO EstatísticaSubstituição values (490,167835,270348);
INSERT INTO Estatística values (493,"Substituição",4); INSERT INTO EstatísticaSubstituição values (493,111676,185166);
INSERT INTO Estatística values (494,"Substituição",14); INSERT INTO EstatísticaSubstituição values (494,136299,199879);
INSERT INTO Estatística values (495,"Substituição",25); INSERT INTO EstatísticaSubstituição values (495,262842,268935);
INSERT INTO Estatística values (496,"Substituição",39); INSERT INTO EstatísticaSubstituição values (496,249301,237041);

INSERT INTO EstatísticaJogo values (2,488);
INSERT INTO EstatísticaJogo values (2,489);
INSERT INTO EstatísticaJogo values (2,490);
INSERT INTO EstatísticaJogo values (2,493);
INSERT INTO EstatísticaJogo values (2,494);
INSERT INTO EstatísticaJogo values (2,495);
INSERT INTO EstatísticaJogo values (2,496);

--prémios
INSERT INTO Prémio values (268871, 605, 'MVP');
INSERT INTO Prémio values (268904, 1036, 'Melhor Defesa');
INSERT INTO Prémio values (249301, 244, 'Melhor atacante');
